,ApplicantIncome,CoapplicantIncome,LoanAmount,Loan_Amount_Term,Credit_History,Gender_Male,Married_Yes,Dependents_0,Dependents_1,Dependents_2,Dependents_3+,Education_Graduate,Education_Not Graduate,Self_Employed_No,Self_Employed_Yes,Property_Area_Rural,Property_Area_Semiurban,Property_Area_Urban,Loan_Status_N,0
0,0.7616289136640637,0.0,0.5922544495715227,0.7435897435897436,1.0,1.0,0.0,1.0,0.0,0.0,0.0,1.0,0.0,1.0,0.0,0.0,0.0,1.0,0.0,
1,0.6575085796789246,0.5143102151123218,0.5024390243902439,0.7435897435897436,1.0,1.0,1.0,0.0,1.0,0.0,0.0,1.0,0.0,1.0,0.0,1.0,0.0,0.0,1.0,
2,0.5042420020522937,0.0,0.2,0.7435897435897436,1.0,1.0,1.0,1.0,0.0,0.0,0.0,1.0,0.0,0.0,1.0,0.0,0.0,1.0,0.0,
3,0.4574159656809083,0.6431264627423285,0.46341463414634143,0.7435897435897436,1.0,1.0,1.0,1.0,0.0,0.0,0.0,0.0,1.0,1.0,0.0,0.0,0.0,1.0,0.0,
4,0.77326016883032,0.0,0.5658536585365853,0.7435897435897436,1.0,1.0,0.0,1.0,0.0,0.0,0.0,1.0,0.0,1.0,0.0,0.0,0.0,1.0,0.0,
5,0.42751010735422484,0.5156726286651192,0.34146341463414637,0.7435897435897436,1.0,1.0,1.0,1.0,0.0,0.0,0.0,0.0,1.0,1.0,0.0,0.0,0.0,1.0,0.0,
6,0.5081271851021139,0.6627376473877437,0.6487804878048781,0.7435897435897436,0.0,1.0,1.0,0.0,0.0,0.0,1.0,1.0,0.0,1.0,0.0,0.0,1.0,0.0,1.0,
7,0.6052771884917574,0.5173706004270856,0.697560975609756,0.7435897435897436,1.0,1.0,1.0,0.0,0.0,1.0,0.0,1.0,0.0,1.0,0.0,0.0,0.0,1.0,0.0,
8,0.5255416454223458,0.3504075858657172,0.21951219512195125,0.7435897435897436,1.0,1.0,1.0,0.0,0.0,1.0,0.0,1.0,0.0,1.0,0.0,0.0,0.0,1.0,0.0,
9,0.447654519083237,0.5681112520163654,0.40975609756097564,0.7435897435897436,1.0,1.0,1.0,0.0,0.0,1.0,0.0,1.0,0.0,1.0,0.0,0.0,0.0,1.0,0.0,
10,0.36520256191177464,0.7058032430192684,0.4341463414634147,0.7435897435897436,1.0,1.0,0.0,1.0,0.0,0.0,0.0,1.0,0.0,1.0,0.0,1.0,0.0,0.0,1.0,
11,0.6890305560495122,0.0,0.4878048780487805,0.7435897435897436,1.0,1.0,0.0,1.0,0.0,0.0,0.0,1.0,0.0,1.0,0.0,0.0,0.0,1.0,0.0,
12,0.5658351207720183,0.0,0.36585365853658536,0.4871794871794872,1.0,1.0,0.0,0.0,1.0,0.0,0.0,0.0,1.0,1.0,0.0,0.0,0.0,1.0,0.0,
13,0.5572809981705189,0.0,0.24878048780487805,0.7435897435897436,0.0,0.0,0.0,1.0,0.0,0.0,0.0,1.0,0.0,1.0,0.0,0.0,0.0,1.0,1.0,
14,0.6837046548028736,0.0,0.526829268292683,0.7435897435897436,1.0,1.0,1.0,1.0,0.0,0.0,0.0,0.0,1.0,1.0,0.0,1.0,0.0,0.0,1.0,
15,0.45939585343739314,0.7835351818273381,0.4390243902439025,0.7435897435897436,1.0,1.0,1.0,1.0,0.0,0.0,0.0,1.0,0.0,1.0,0.0,0.0,0.0,1.0,0.0,
16,0.892568447174082,0.0,0.3853658536585366,0.7435897435897436,0.0,1.0,1.0,1.0,0.0,0.0,0.0,0.0,1.0,1.0,0.0,0.0,0.0,1.0,1.0,
17,0.45939585343739314,0.5789683498378949,0.4439024390243902,0.7435897435897436,0.0,1.0,1.0,1.0,0.0,0.0,0.0,0.0,1.0,1.0,0.0,0.0,1.0,0.0,1.0,
18,0.5426175039535723,0.5798765360429309,0.42439024390243907,0.7435897435897436,0.0,1.0,1.0,0.0,0.0,1.0,0.0,0.0,1.0,1.0,0.0,1.0,0.0,0.0,1.0,
19,0.5776992021252003,0.7162875699239616,0.6146341463414634,0.7435897435897436,1.0,1.0,1.0,0.0,1.0,0.0,0.0,1.0,0.0,1.0,0.0,0.0,1.0,0.0,1.0,
20,0.48210766997098947,0.6286444349905785,0.47317073170731705,0.7435897435897436,1.0,1.0,1.0,1.0,0.0,0.0,0.0,1.0,0.0,1.0,0.0,0.0,1.0,0.0,0.0,
21,0.625609673104643,0.4271113860768298,0.41463414634146345,0.7435897435897436,1.0,1.0,1.0,0.0,0.0,1.0,0.0,0.0,1.0,1.0,0.0,0.0,0.0,1.0,0.0,
22,0.3050512112381485,0.0,0.048780487804878064,0.7435897435897436,1.0,1.0,0.0,1.0,0.0,0.0,0.0,0.0,1.0,1.0,0.0,0.0,0.0,1.0,1.0,
23,0.5809012188318585,0.6044621540696392,0.46341463414634143,0.7435897435897436,1.0,0.0,0.0,0.0,0.0,1.0,0.0,1.0,0.0,1.0,0.0,0.0,1.0,0.0,0.0,
24,0.6201180217595463,0.7687320445535311,0.8585365853658536,0.7435897435897436,1.0,1.0,1.0,0.0,1.0,0.0,0.0,1.0,0.0,1.0,0.0,0.0,0.0,1.0,1.0,
25,0.5220740402483028,0.0,0.23902439024390243,0.7435897435897436,1.0,1.0,0.0,1.0,0.0,0.0,0.0,1.0,0.0,1.0,0.0,0.0,0.0,1.0,1.0,
26,0.6669984156479865,0.0,0.3951219512195122,0.7435897435897436,1.0,1.0,0.0,0.0,1.0,0.0,0.0,1.0,0.0,0.0,1.0,1.0,0.0,0.0,1.0,
27,0.5562795631597934,0.5407447098732636,0.4341463414634147,0.7435897435897436,1.0,1.0,1.0,1.0,0.0,0.0,0.0,1.0,0.0,1.0,0.0,0.0,1.0,0.0,0.0,
28,0.42034600093563373,0.6021361727478974,0.5922544495715227,0.7435897435897436,1.0,1.0,1.0,1.0,0.0,0.0,0.0,1.0,0.0,1.0,0.0,0.0,0.0,1.0,0.0,
29,0.36174761583847975,0.48300352466752866,0.36585365853658536,0.7435897435897436,0.0,1.0,1.0,1.0,0.0,0.0,0.0,1.0,0.0,1.0,0.0,0.0,0.0,1.0,1.0,
30,0.5728204548859495,0.5058853763775207,0.5804878048780487,0.7435897435897436,1.0,0.0,1.0,1.0,0.0,0.0,0.0,1.0,0.0,1.0,0.0,0.0,1.0,0.0,0.0,
31,0.580707559267529,0.5409068765315421,0.41463414634146345,0.7435897435897436,1.0,1.0,0.0,1.0,0.0,0.0,0.0,0.0,1.0,1.0,0.0,0.0,1.0,0.0,0.0,
32,0.5662304838414773,0.0,0.2682926829268293,0.7435897435897436,1.0,1.0,0.0,1.0,0.0,0.0,0.0,1.0,0.0,1.0,0.0,0.0,0.0,1.0,1.0,
33,0.3578499078897683,0.4612696494764781,0.10731707317073172,0.7435897435897436,1.0,1.0,0.0,1.0,0.0,0.0,0.0,1.0,0.0,1.0,0.0,0.0,0.0,1.0,0.0,
34,0.4356759141238939,0.0,0.24390243902439024,0.7435897435897436,1.0,1.0,1.0,1.0,0.0,0.0,0.0,1.0,0.0,1.0,0.0,0.0,0.0,1.0,0.0,
35,0.5991635880605084,0.640119266206934,0.5317073170731708,0.7435897435897436,1.0,1.0,1.0,1.0,0.0,0.0,0.0,1.0,0.0,1.0,0.0,0.0,1.0,0.0,0.0,
36,0.667258036469818,0.0,0.3463414634146341,0.7435897435897436,1.0,1.0,1.0,1.0,0.0,0.0,0.0,0.0,1.0,0.0,1.0,0.0,0.0,1.0,0.0,
37,0.5472014756563193,0.0,0.3073170731707317,0.7435897435897436,1.0,0.0,0.0,1.0,0.0,0.0,0.0,1.0,0.0,1.0,0.0,0.0,0.0,1.0,0.0,
38,0.7459896270242452,0.0,0.09268292682926829,0.7435897435897436,1.0,1.0,1.0,0.0,1.0,0.0,0.0,1.0,0.0,1.0,0.0,0.0,0.0,1.0,0.0,
39,0.7594556892020463,0.0,0.5804878048780487,0.7435897435897436,1.0,1.0,1.0,1.0,0.0,0.0,0.0,1.0,0.0,1.0,0.0,0.0,0.0,1.0,0.0,
40,0.46460570599523837,0.7767901336718077,0.46341463414634143,0.7435897435897436,0.0,0.0,1.0,1.0,0.0,0.0,0.0,1.0,0.0,1.0,0.0,0.0,0.0,1.0,1.0,
41,0.6047149440678281,0.631706259075197,0.5804878048780487,0.7435897435897436,1.0,0.0,0.0,1.0,0.0,0.0,0.0,1.0,0.0,1.0,0.0,0.0,1.0,0.0,0.0,
42,0.37542986100705916,0.537001360633821,0.36585365853658536,0.7435897435897436,1.0,0.0,1.0,1.0,0.0,0.0,0.0,0.0,1.0,1.0,0.0,0.0,1.0,0.0,0.0,
43,0.513485258172427,0.0,0.46341463414634143,0.7435897435897436,1.0,0.0,0.0,1.0,0.0,0.0,0.0,1.0,0.0,1.0,0.0,0.0,1.0,0.0,0.0,
44,0.6259743927738854,0.0,0.42439024390243907,0.7435897435897436,1.0,0.0,0.0,1.0,0.0,0.0,0.0,1.0,0.0,1.0,0.0,0.0,1.0,0.0,1.0,
45,0.6603934480224558,0.0,0.5317073170731708,0.7435897435897436,1.0,1.0,1.0,0.0,0.0,1.0,0.0,1.0,0.0,1.0,0.0,0.0,0.0,1.0,1.0,
46,0.47182560490067454,0.4524388684247441,0.35121951219512193,0.7435897435897436,1.0,1.0,1.0,0.0,0.0,1.0,0.0,1.0,0.0,1.0,0.0,0.0,1.0,0.0,0.0,
47,0.40228244025932597,0.5282744047306878,0.3463414634146341,0.7435897435897436,1.0,1.0,1.0,1.0,0.0,0.0,0.0,1.0,0.0,1.0,0.0,0.0,1.0,0.0,0.0,
48,0.5427197018307668,0.6212062548104385,0.5365853658536586,0.7435897435897436,1.0,1.0,1.0,1.0,0.0,0.0,0.0,1.0,0.0,1.0,0.0,1.0,0.0,0.0,1.0,
49,0.9206400531128411,0.6282257573317549,0.7560975609756098,0.7435897435897436,1.0,1.0,1.0,0.0,1.0,0.0,0.0,1.0,0.0,1.0,0.0,0.0,0.0,1.0,0.0,
50,0.5417993736507709,0.7081602689343041,0.5804878048780487,0.7435897435897436,1.0,1.0,1.0,0.0,0.0,1.0,0.0,0.0,1.0,1.0,0.0,0.0,0.0,1.0,0.0,
51,0.447654519083237,0.8159951573539628,0.46341463414634143,0.7435897435897436,1.0,1.0,1.0,1.0,0.0,0.0,0.0,1.0,0.0,1.0,0.0,0.0,0.0,1.0,0.0,
52,0.5073735443423109,0.0,0.36097560975609755,0.7435897435897436,1.0,1.0,1.0,0.0,0.0,0.0,1.0,1.0,0.0,1.0,0.0,0.0,0.0,1.0,0.0,
53,0.4604414091080457,0.7778056197910665,0.6829268292682927,0.358974358974359,0.0,1.0,1.0,1.0,0.0,0.0,0.0,0.0,1.0,0.0,1.0,1.0,0.0,0.0,1.0,
54,0.6886091082525954,0.0,0.5922544495715227,0.7435897435897436,0.0,1.0,1.0,0.0,1.0,0.0,0.0,1.0,0.0,1.0,0.0,1.0,0.0,0.0,1.0,
55,0.6201180217595463,0.0,0.4439024390243902,0.7435897435897436,0.0,0.0,0.0,1.0,0.0,0.0,0.0,1.0,0.0,1.0,0.0,0.0,1.0,0.0,1.0,
56,0.5255416454223458,0.6287839322595742,0.4926829268292683,0.358974358974359,0.0,1.0,0.0,1.0,0.0,0.0,0.0,0.0,1.0,1.0,0.0,0.0,0.0,1.0,1.0,
57,0.8539135338438499,0.0,0.4878048780487805,0.10256410256410257,1.0,1.0,1.0,0.0,0.0,0.0,1.0,0.0,1.0,0.0,1.0,0.0,0.0,1.0,0.0,
58,0.6323292946539969,0.0,0.5414634146341464,0.7435897435897436,0.0,0.0,0.0,1.0,0.0,0.0,0.0,1.0,0.0,1.0,0.0,0.0,1.0,0.0,1.0,
59,0.526379580727353,0.7333487477982158,0.7170731707317073,0.7435897435897436,1.0,1.0,1.0,1.0,0.0,0.0,0.0,1.0,0.0,1.0,0.0,0.0,0.0,1.0,0.0,
60,0.3682236840864576,0.5734890308272811,0.35121951219512193,0.7435897435897436,1.0,1.0,1.0,0.0,0.0,1.0,0.0,0.0,1.0,0.0,1.0,0.0,1.0,0.0,0.0,
61,0.5562795631597934,0.0,0.2731707317073171,0.6153846153846154,1.0,1.0,0.0,1.0,0.0,0.0,0.0,1.0,0.0,1.0,0.0,0.0,1.0,0.0,0.0,
62,0.6724331419202234,0.0,0.34146341463414637,0.7435897435897436,0.0,1.0,1.0,0.0,0.0,0.0,1.0,0.0,1.0,1.0,0.0,0.0,1.0,0.0,1.0,
63,0.7152473915295028,0.5578292555407379,0.7902439024390244,0.7435897435897436,1.0,1.0,1.0,0.0,0.0,0.0,1.0,1.0,0.0,0.0,1.0,0.0,1.0,0.0,0.0,
64,0.5809012188318585,0.0,0.4292682926829269,1.0000000000000002,1.0,1.0,0.0,1.0,0.0,0.0,0.0,1.0,0.0,1.0,0.0,0.0,0.0,1.0,1.0,
65,0.5809012188318585,0.9127908633128088,0.7365853658536585,0.7435897435897436,1.0,1.0,0.0,1.0,0.0,0.0,0.0,1.0,0.0,1.0,0.0,0.0,0.0,1.0,1.0,
66,0.22974481967993177,0.7280676079025208,0.41463414634146345,0.7435897435897436,1.0,1.0,1.0,0.0,1.0,0.0,0.0,1.0,0.0,0.0,1.0,0.0,0.0,1.0,1.0,
67,0.5220740402483028,0.8376343431090065,0.7560975609756098,0.6153846153846154,0.0,1.0,1.0,0.0,0.0,0.0,1.0,1.0,0.0,1.0,0.0,0.0,1.0,0.0,1.0,
68,0.5393391162295542,0.6163873336037886,0.5121951219512195,0.7435897435897436,1.0,1.0,1.0,0.0,0.0,0.0,1.0,0.0,1.0,0.0,1.0,0.0,1.0,0.0,0.0,
69,0.5901369034790234,0.0,0.41951219512195126,0.7435897435897436,1.0,0.0,0.0,1.0,0.0,0.0,0.0,1.0,0.0,1.0,0.0,0.0,1.0,0.0,0.0,
70,0.43507049319981056,0.0,0.5922544495715227,0.7435897435897436,1.0,1.0,1.0,0.0,1.0,0.0,0.0,1.0,0.0,0.0,1.0,0.0,1.0,0.0,0.0,
71,0.2949455425602613,0.574405880382807,0.6926829268292682,0.7435897435897436,1.0,0.0,1.0,0.0,0.0,1.0,0.0,1.0,0.0,1.0,0.0,0.0,0.0,1.0,1.0,
72,0.6035891887439826,0.0,0.12195121951219512,0.4871794871794872,1.0,1.0,1.0,0.0,1.0,0.0,0.0,1.0,0.0,1.0,0.0,0.0,0.0,1.0,0.0,
73,0.4315465200530067,0.6663011334908128,0.5414634146341464,0.7435897435897436,1.0,1.0,0.0,1.0,0.0,0.0,0.0,1.0,0.0,1.0,0.0,0.0,1.0,0.0,0.0,
74,0.5393391162295542,0.5922969241671178,0.36097560975609755,0.7435897435897436,1.0,1.0,1.0,0.0,0.0,1.0,0.0,0.0,1.0,1.0,0.0,0.0,1.0,0.0,0.0,
75,0.447654519083237,0.609519293799729,0.3853658536585366,0.7435897435897436,1.0,1.0,1.0,1.0,0.0,0.0,0.0,1.0,0.0,1.0,0.0,0.0,1.0,0.0,0.0,
76,0.95222711875997,0.0,0.9024390243902439,0.7435897435897436,1.0,1.0,0.0,1.0,0.0,0.0,0.0,1.0,0.0,1.0,0.0,0.0,0.0,1.0,0.0,
77,0.749610866820035,0.8549411671151446,0.7317073170731707,0.7435897435897436,1.0,1.0,1.0,1.0,0.0,0.0,0.0,1.0,0.0,1.0,0.0,0.0,1.0,0.0,0.0,
78,0.4996797065880538,0.7132199431086117,0.5170731707317073,0.7435897435897436,1.0,1.0,1.0,1.0,0.0,0.0,0.0,1.0,0.0,1.0,0.0,0.0,1.0,0.0,0.0,
79,0.7922000062617764,0.9958693851656054,0.7951219512195122,0.358974358974359,1.0,1.0,1.0,0.0,0.0,1.0,0.0,1.0,0.0,1.0,0.0,0.0,1.0,0.0,0.0,
80,0.5331494374239281,0.5650152548416936,0.2731707317073171,0.7435897435897436,1.0,1.0,1.0,0.0,0.0,1.0,0.0,0.0,1.0,1.0,0.0,0.0,0.0,1.0,0.0,
81,0.6170807504695475,0.0,0.47317073170731705,0.7435897435897436,1.0,1.0,0.0,1.0,0.0,0.0,0.0,1.0,0.0,1.0,0.0,0.0,1.0,0.0,0.0,
82,0.5682040127048942,0.0,0.0,0.2307692307692308,1.0,1.0,0.0,1.0,0.0,0.0,0.0,0.0,1.0,1.0,0.0,0.0,1.0,0.0,0.0,
83,0.8312821421414305,0.0,0.5922544495715227,0.7435897435897436,1.0,1.0,0.0,1.0,0.0,0.0,0.0,1.0,0.0,1.0,0.0,0.0,0.0,1.0,1.0,
84,0.4457542583496344,0.6354437890017343,0.5463414634146342,0.7435897435897436,1.0,0.0,1.0,1.0,0.0,0.0,0.0,1.0,0.0,1.0,0.0,0.0,1.0,0.0,0.0,
85,0.3820045585402481,0.4181884739197716,0.12195121951219512,0.7435897435897436,1.0,1.0,1.0,1.0,0.0,0.0,0.0,1.0,0.0,1.0,0.0,0.0,1.0,0.0,0.0,
86,0.6221361905733607,0.0,0.4390243902439025,0.358974358974359,1.0,1.0,1.0,1.0,0.0,0.0,0.0,0.0,1.0,1.0,0.0,0.0,1.0,0.0,0.0,
87,0.352087437104199,0.7881110974424514,0.5170731707317073,0.7435897435897436,1.0,1.0,1.0,1.0,0.0,0.0,0.0,1.0,0.0,1.0,0.0,0.0,1.0,0.0,0.0,
88,0.6312435767410853,0.7565419532751816,0.526829268292683,0.358974358974359,1.0,1.0,1.0,0.0,0.0,1.0,0.0,0.0,1.0,1.0,0.0,0.0,0.0,1.0,0.0,
89,0.6799645907891672,0.8170692596451096,0.6146341463414634,0.7435897435897436,1.0,1.0,0.0,1.0,0.0,0.0,0.0,1.0,0.0,1.0,0.0,0.0,1.0,0.0,0.0,
90,0.6635288409639593,0.7927712346483566,0.5922544495715227,0.7435897435897436,1.0,1.0,1.0,1.0,0.0,0.0,0.0,1.0,0.0,1.0,0.0,0.0,1.0,0.0,0.0,
91,0.5872632613489663,0.3636722407394347,0.6585365853658537,0.7435897435897436,1.0,1.0,1.0,1.0,0.0,0.0,0.0,1.0,0.0,1.0,0.0,0.0,0.0,1.0,0.0,
92,0.5098465367323191,0.425053005970528,0.36585365853658536,0.7435897435897436,1.0,1.0,1.0,0.0,1.0,0.0,0.0,1.0,0.0,1.0,0.0,0.0,0.0,1.0,0.0,
93,0.8701755142534044,0.0,0.46341463414634143,0.7435897435897436,1.0,1.0,0.0,1.0,0.0,0.0,0.0,0.0,1.0,1.0,0.0,1.0,0.0,0.0,1.0,
94,0.5857260328632878,0.794649711181028,0.9317073170731708,0.7435897435897436,0.0,1.0,1.0,0.0,0.0,1.0,0.0,1.0,0.0,1.0,0.0,0.0,0.0,1.0,1.0,
95,0.3943930535360593,0.3636722407394347,0.33658536585365856,1.0000000000000002,1.0,1.0,1.0,0.0,0.0,0.0,1.0,0.0,1.0,1.0,0.0,0.0,1.0,0.0,0.0,
96,0.719322779946296,0.0,0.5414634146341464,0.7435897435897436,1.0,1.0,0.0,1.0,0.0,0.0,0.0,1.0,0.0,1.0,0.0,0.0,0.0,1.0,0.0,
97,0.49651062101491156,0.6397080986666785,0.5560975609756098,0.7435897435897436,1.0,0.0,1.0,1.0,0.0,0.0,0.0,1.0,0.0,1.0,0.0,0.0,1.0,0.0,0.0,
98,0.5634583104711723,0.8494867771773691,0.6195121951219512,0.7435897435897436,0.0,1.0,1.0,1.0,0.0,0.0,0.0,0.0,1.0,1.0,0.0,1.0,0.0,0.0,1.0,
99,0.8783126424444938,0.0,0.5922544495715227,0.7435897435897436,1.0,0.0,0.0,0.0,1.0,0.0,0.0,1.0,0.0,0.0,1.0,0.0,1.0,0.0,0.0,
100,0.6974152477380626,0.0,0.4536585365853658,0.7435897435897436,1.0,1.0,0.0,1.0,0.0,0.0,0.0,1.0,0.0,1.0,0.0,0.0,1.0,0.0,0.0,
101,0.5220740402483028,0.6328159766790746,0.6292682926829268,0.7435897435897436,1.0,0.0,1.0,1.0,0.0,0.0,0.0,1.0,0.0,1.0,0.0,0.0,1.0,0.0,0.0,
102,0.4127120963705189,0.4951970686687292,0.2926829268292683,0.7435897435897436,1.0,1.0,1.0,0.0,1.0,0.0,0.0,1.0,0.0,1.0,0.0,0.0,0.0,1.0,0.0,
103,0.7395770712006822,0.6129629330315612,0.7317073170731707,0.7435897435897436,1.0,1.0,1.0,1.0,0.0,0.0,0.0,1.0,0.0,1.0,0.0,1.0,0.0,0.0,1.0,
104,0.7474083834518257,0.683968321229013,0.7560975609756098,0.7435897435897436,1.0,1.0,1.0,1.0,0.0,0.0,0.0,1.0,0.0,1.0,0.0,1.0,0.0,0.0,0.0,
105,0.6201180217595463,0.0,0.09268292682926829,0.7435897435897436,1.0,0.0,0.0,1.0,0.0,0.0,0.0,1.0,0.0,1.0,0.0,0.0,1.0,0.0,0.0,
106,0.4995706870603886,0.0,0.2731707317073171,0.7435897435897436,1.0,1.0,1.0,0.0,0.0,1.0,0.0,1.0,0.0,1.0,0.0,0.0,1.0,0.0,0.0,
107,0.6323292946539969,0.5943663482251272,0.824390243902439,0.7435897435897436,1.0,1.0,1.0,1.0,0.0,0.0,0.0,0.0,1.0,1.0,0.0,1.0,0.0,0.0,0.0,
108,0.5752639580332561,0.0,0.33170731707317075,0.7435897435897436,1.0,0.0,0.0,1.0,0.0,0.0,0.0,1.0,0.0,1.0,0.0,1.0,0.0,0.0,0.0,
109,0.5919510829491068,0.5363476764467423,0.5922544495715227,0.7435897435897436,1.0,1.0,0.0,1.0,0.0,0.0,0.0,1.0,0.0,1.0,0.0,1.0,0.0,0.0,0.0,
110,0.7793631294807424,0.6712843643139029,0.7658536585365854,0.7435897435897436,1.0,1.0,1.0,1.0,0.0,0.0,0.0,1.0,0.0,1.0,0.0,1.0,0.0,0.0,1.0,
111,0.3869153014155651,0.5816886546352916,0.23902439024390243,0.7435897435897436,1.0,1.0,0.0,1.0,0.0,0.0,0.0,1.0,0.0,1.0,0.0,0.0,0.0,1.0,0.0,
112,0.47296386616991776,0.0,0.21951219512195125,0.7435897435897436,1.0,1.0,0.0,1.0,0.0,0.0,0.0,1.0,0.0,1.0,0.0,0.0,1.0,0.0,0.0,
113,0.5521586449787472,0.0,0.0,0.2307692307692308,1.0,1.0,1.0,1.0,0.0,0.0,0.0,1.0,0.0,0.0,1.0,0.0,1.0,0.0,0.0,
114,0.684382854924104,0.0,0.375609756097561,0.7435897435897436,1.0,1.0,0.0,1.0,0.0,0.0,0.0,1.0,0.0,1.0,0.0,0.0,1.0,0.0,0.0,
115,0.6575085796789246,0.0,0.28780487804878047,0.7435897435897436,1.0,0.0,1.0,1.0,0.0,0.0,0.0,1.0,0.0,1.0,0.0,1.0,0.0,0.0,1.0,
116,0.5375910705441242,0.7835351818273381,0.3073170731707317,0.7435897435897436,1.0,1.0,1.0,0.0,0.0,1.0,0.0,1.0,0.0,0.0,1.0,0.0,0.0,1.0,0.0,
117,0.6232347759537396,0.500832494113698,0.5073170731707317,0.7435897435897436,1.0,1.0,1.0,0.0,0.0,1.0,0.0,0.0,1.0,1.0,0.0,1.0,0.0,0.0,1.0,
118,0.6967475451352347,0.6044621540696392,0.7804878048780488,0.7435897435897436,1.0,1.0,1.0,0.0,0.0,1.0,0.0,1.0,0.0,1.0,0.0,1.0,0.0,0.0,1.0,
119,0.7274970180796914,0.0,0.697560975609756,0.7435897435897436,1.0,1.0,0.0,1.0,0.0,0.0,0.0,1.0,0.0,1.0,0.0,0.0,0.0,1.0,0.0,
120,0.8433029091408601,0.0,0.7317073170731707,0.358974358974359,1.0,1.0,0.0,1.0,0.0,0.0,0.0,1.0,0.0,0.0,1.0,0.0,1.0,0.0,0.0,
121,0.4706852400199319,0.5973102312586412,0.47317073170731705,0.7435897435897436,1.0,1.0,1.0,1.0,0.0,0.0,0.0,1.0,0.0,1.0,0.0,0.0,1.0,0.0,0.0,
122,0.42714174924211706,0.8870622835097145,0.36585365853658536,0.7435897435897436,1.0,0.0,1.0,1.0,0.0,0.0,0.0,1.0,0.0,1.0,0.0,0.0,1.0,0.0,0.0,
123,0.31979812465251806,0.49995614612104006,0.02439024390243902,0.7435897435897436,1.0,1.0,1.0,0.0,1.0,0.0,0.0,1.0,0.0,1.0,0.0,0.0,0.0,1.0,0.0,
124,0.6814116214764916,0.38156060232523853,0.4878048780487805,0.7435897435897436,1.0,1.0,1.0,1.0,0.0,0.0,0.0,1.0,0.0,1.0,0.0,0.0,1.0,0.0,0.0,
125,0.7942226628185343,0.0,0.4536585365853658,0.7435897435897436,0.0,1.0,0.0,1.0,0.0,0.0,0.0,1.0,0.0,1.0,0.0,1.0,0.0,0.0,1.0,
126,0.4567156269546146,0.8110359652681429,0.6195121951219512,0.7435897435897436,1.0,1.0,1.0,1.0,0.0,0.0,0.0,1.0,0.0,0.0,1.0,1.0,0.0,0.0,0.0,
127,0.4210913181564056,0.0,0.4292682926829269,0.7435897435897436,1.0,1.0,1.0,0.0,0.0,1.0,0.0,0.0,1.0,1.0,0.0,1.0,0.0,0.0,1.0,
128,0.5311775645001917,0.0,0.12195121951219512,0.7435897435897436,1.0,1.0,0.0,1.0,0.0,0.0,0.0,1.0,0.0,1.0,0.0,0.0,0.0,1.0,0.0,
129,0.77326016883032,0.0,0.6585365853658537,0.7435897435897436,1.0,1.0,1.0,0.0,1.0,0.0,0.0,1.0,0.0,1.0,0.0,1.0,0.0,0.0,0.0,
130,0.5020734908005346,0.6044621540696392,0.46341463414634143,0.7435897435897436,1.0,1.0,0.0,1.0,0.0,0.0,0.0,1.0,0.0,1.0,0.0,1.0,0.0,0.0,0.0,
131,0.36657801001734375,0.4273166787520231,0.35609756097560974,0.7435897435897436,1.0,1.0,1.0,1.0,0.0,0.0,0.0,0.0,1.0,1.0,0.0,0.0,1.0,0.0,0.0,
132,0.5138053572742778,0.4738375393336942,0.46829268292682924,0.7435897435897436,0.0,1.0,1.0,0.0,1.0,0.0,0.0,1.0,0.0,1.0,0.0,0.0,1.0,0.0,1.0,
133,0.6202098721440914,0.5038006750237229,0.6487804878048781,0.7435897435897436,1.0,1.0,1.0,0.0,0.0,1.0,0.0,1.0,0.0,1.0,0.0,1.0,0.0,0.0,0.0,
134,0.9996930266906261,0.0,0.24390243902439024,0.358974358974359,1.0,1.0,1.0,1.0,0.0,0.0,0.0,1.0,0.0,1.0,0.0,0.0,0.0,1.0,0.0,
135,0.5767260902197964,0.7452121632234021,0.7658536585365854,0.7435897435897436,1.0,1.0,1.0,1.0,0.0,0.0,0.0,1.0,0.0,1.0,0.0,1.0,0.0,0.0,0.0,
136,0.6575085796789246,0.0,0.42439024390243907,0.7435897435897436,1.0,0.0,1.0,1.0,0.0,0.0,0.0,1.0,0.0,1.0,0.0,1.0,0.0,0.0,1.0,
137,0.44037671647493254,0.7646138075451235,0.5073170731707317,0.7435897435897436,1.0,1.0,1.0,1.0,0.0,0.0,0.0,1.0,0.0,1.0,0.0,1.0,0.0,0.0,0.0,
138,0.41560265749473485,0.0,0.18536585365853658,1.0000000000000002,0.0,1.0,0.0,1.0,0.0,0.0,0.0,1.0,0.0,1.0,0.0,0.0,1.0,0.0,1.0,
139,0.9153503660802147,0.0,0.8536585365853658,0.7435897435897436,1.0,1.0,1.0,0.0,0.0,1.0,0.0,1.0,0.0,1.0,0.0,0.0,1.0,0.0,0.0,
140,0.36063704950899395,0.5570425829514197,0.34146341463414637,0.7435897435897436,1.0,1.0,1.0,1.0,0.0,0.0,0.0,0.0,1.0,1.0,0.0,1.0,0.0,0.0,0.0,
141,0.558480839015534,0.0,0.2731707317073171,0.358974358974359,1.0,1.0,1.0,0.0,0.0,0.0,1.0,0.0,1.0,1.0,0.0,1.0,0.0,0.0,1.0,
142,0.7506316077503099,0.993312138976285,0.7902439024390244,0.7435897435897436,1.0,1.0,1.0,1.0,0.0,0.0,0.0,1.0,0.0,1.0,0.0,0.0,1.0,0.0,0.0,
143,0.6362973559571075,0.35930510414832806,0.3024390243902439,0.7435897435897436,1.0,1.0,1.0,1.0,0.0,0.0,0.0,0.0,1.0,0.0,1.0,0.0,1.0,0.0,1.0,
144,0.5559788537648802,0.5869420454721467,0.4439024390243902,0.7435897435897436,1.0,1.0,1.0,1.0,0.0,0.0,0.0,1.0,0.0,1.0,0.0,1.0,0.0,0.0,0.0,
145,0.39099508384995413,0.5329026794292295,0.37073170731707317,0.7435897435897436,1.0,1.0,1.0,0.0,0.0,1.0,0.0,1.0,0.0,1.0,0.0,1.0,0.0,0.0,0.0,
146,0.5809012188318585,0.0,0.4439024390243902,0.7435897435897436,1.0,1.0,1.0,0.0,1.0,0.0,0.0,1.0,0.0,1.0,0.0,0.0,1.0,0.0,0.0,
147,0.42751010735422484,0.5044965326413201,0.375609756097561,1.0000000000000002,0.0,1.0,0.0,1.0,0.0,0.0,0.0,0.0,1.0,1.0,0.0,0.0,0.0,1.0,1.0,
148,0.3738070357637416,0.9423851700899546,0.20487804878048782,0.7435897435897436,1.0,1.0,0.0,1.0,0.0,0.0,0.0,1.0,0.0,1.0,0.0,1.0,0.0,0.0,1.0,
149,0.6589960163498538,0.0,0.23414634146341462,0.358974358974359,1.0,1.0,1.0,1.0,0.0,0.0,0.0,1.0,0.0,1.0,0.0,0.0,1.0,0.0,0.0,
150,0.5686965424959818,0.0,0.40487804878048783,0.7435897435897436,1.0,0.0,1.0,1.0,0.0,0.0,0.0,1.0,0.0,1.0,0.0,0.0,1.0,0.0,0.0,
151,0.4081574291495415,0.0,0.2,0.6153846153846154,0.0,1.0,1.0,0.0,1.0,0.0,0.0,1.0,0.0,0.0,1.0,1.0,0.0,0.0,1.0,
152,0.4336148994410041,0.6123903379201036,0.16097560975609754,0.7435897435897436,1.0,1.0,1.0,1.0,0.0,0.0,0.0,1.0,0.0,1.0,0.0,1.0,0.0,0.0,0.0,
153,0.16261580443709717,0.9638256230296484,0.697560975609756,0.7435897435897436,1.0,1.0,1.0,1.0,0.0,0.0,0.0,1.0,0.0,0.0,1.0,1.0,0.0,0.0,0.0,
154,1.0,0.0,0.7951219512195122,0.358974358974359,1.0,1.0,1.0,1.0,0.0,0.0,0.0,1.0,0.0,1.0,0.0,1.0,0.0,0.0,0.0,
155,0.6835350180550601,0.0,0.1121951219512195,0.7435897435897436,1.0,1.0,0.0,1.0,0.0,0.0,0.0,0.0,1.0,1.0,0.0,1.0,0.0,0.0,0.0,
156,0.7757825403774623,0.0,0.6585365853658537,0.7435897435897436,1.0,1.0,1.0,1.0,0.0,0.0,0.0,0.0,1.0,1.0,0.0,0.0,0.0,1.0,1.0,
157,0.5912832209452314,0.0,0.24878048780487805,0.7435897435897436,1.0,1.0,0.0,1.0,0.0,0.0,0.0,1.0,0.0,1.0,0.0,0.0,1.0,0.0,0.0,
158,0.6224109843136929,0.0,0.46341463414634143,0.7435897435897436,1.0,1.0,0.0,1.0,0.0,0.0,0.0,1.0,0.0,1.0,0.0,1.0,0.0,0.0,0.0,
159,0.5176344895346474,0.6731109918111318,0.7073170731707317,0.7435897435897436,1.0,1.0,1.0,0.0,1.0,0.0,0.0,1.0,0.0,1.0,0.0,0.0,1.0,0.0,1.0,
160,0.937198557432414,0.8110359652681429,0.7902439024390244,0.7435897435897436,1.0,1.0,0.0,1.0,0.0,0.0,0.0,1.0,0.0,1.0,0.0,1.0,0.0,0.0,0.0,
161,0.3725865791918604,0.6440803535598506,0.46341463414634143,0.7435897435897436,1.0,0.0,0.0,1.0,0.0,0.0,0.0,0.0,1.0,1.0,0.0,0.0,0.0,1.0,0.0,
162,0.5478103810476456,0.7028146484671349,0.4292682926829269,0.7435897435897436,1.0,0.0,1.0,1.0,0.0,0.0,0.0,1.0,0.0,1.0,0.0,0.0,1.0,0.0,0.0,
163,0.45939585343739314,0.6622080926508567,0.3170731707317073,0.7435897435897436,1.0,1.0,1.0,0.0,1.0,0.0,0.0,0.0,1.0,1.0,0.0,0.0,1.0,0.0,0.0,
164,0.6867522016978547,0.0,0.6878048780487805,0.7435897435897436,0.0,1.0,0.0,0.0,0.0,1.0,0.0,1.0,0.0,1.0,0.0,0.0,1.0,0.0,0.0,
165,0.6039646284734885,0.0,0.5922544495715227,0.358974358974359,1.0,1.0,1.0,0.0,0.0,0.0,1.0,0.0,1.0,1.0,0.0,0.0,0.0,1.0,1.0,
166,0.5562795631597934,0.4358516634287336,0.5365853658536586,0.7435897435897436,1.0,1.0,1.0,0.0,1.0,0.0,0.0,0.0,1.0,1.0,0.0,0.0,0.0,1.0,0.0,
167,0.5968935277014209,0.0,0.48292682926829267,0.7435897435897436,1.0,1.0,1.0,0.0,0.0,1.0,0.0,0.0,1.0,1.0,0.0,0.0,1.0,0.0,0.0,
168,0.6420333790553556,0.0,0.46341463414634143,0.7435897435897436,1.0,0.0,0.0,1.0,0.0,0.0,0.0,0.0,1.0,1.0,0.0,0.0,1.0,0.0,0.0,
169,0.530137424150529,0.0,0.2682926829268293,0.7435897435897436,1.0,0.0,0.0,1.0,0.0,0.0,0.0,1.0,0.0,1.0,0.0,0.0,0.0,1.0,0.0,
170,0.6023677074847065,0.6663011334908128,0.14634146341463417,0.7435897435897436,1.0,1.0,0.0,1.0,0.0,0.0,0.0,0.0,1.0,1.0,0.0,1.0,0.0,0.0,0.0,
171,0.4451591725446418,0.0,0.16585365853658535,0.7435897435897436,1.0,1.0,0.0,1.0,0.0,0.0,0.0,1.0,0.0,1.0,0.0,0.0,0.0,1.0,0.0,
172,0.5480132306599965,0.0,0.4975609756097561,0.7435897435897436,1.0,1.0,0.0,1.0,0.0,0.0,0.0,1.0,0.0,1.0,0.0,0.0,1.0,0.0,1.0,
173,0.5492290840385661,0.4682518328700303,0.5024390243902439,0.7435897435897436,0.0,1.0,1.0,0.0,0.0,0.0,1.0,1.0,0.0,1.0,0.0,0.0,1.0,0.0,1.0,
174,0.750239152782312,0.0,0.5121951219512195,0.7435897435897436,1.0,1.0,1.0,0.0,0.0,0.0,1.0,0.0,1.0,0.0,1.0,1.0,0.0,0.0,0.0,
175,0.5227058529304289,0.7279471367164719,0.5463414634146342,0.7435897435897436,1.0,1.0,1.0,1.0,0.0,0.0,0.0,1.0,0.0,1.0,0.0,0.0,0.0,1.0,0.0,
176,0.5905192077461732,0.4152419658400421,0.36585365853658536,0.7435897435897436,1.0,1.0,1.0,0.0,0.0,0.0,1.0,0.0,1.0,1.0,0.0,0.0,1.0,0.0,0.0,
177,0.0,0.5619021994440364,0.5365853658536586,0.7435897435897436,1.0,1.0,1.0,1.0,0.0,0.0,0.0,1.0,0.0,1.0,0.0,1.0,0.0,0.0,1.0,
178,0.5786710059068978,0.5579864569685565,0.5170731707317073,0.7435897435897436,1.0,1.0,1.0,1.0,0.0,0.0,0.0,1.0,0.0,1.0,0.0,0.0,1.0,0.0,0.0,
179,0.6932333829549235,0.0,0.2292682926829268,0.7435897435897436,0.0,1.0,1.0,0.0,0.0,1.0,0.0,1.0,0.0,1.0,0.0,0.0,1.0,0.0,1.0,
180,0.6307907459558224,0.6465267532431914,0.4975609756097561,0.7435897435897436,1.0,0.0,1.0,0.0,0.0,1.0,0.0,1.0,0.0,1.0,0.0,0.0,1.0,0.0,0.0,
181,0.4135934151659288,0.0,0.17073170731707316,0.7435897435897436,0.0,1.0,1.0,1.0,0.0,0.0,0.0,1.0,0.0,1.0,0.0,0.0,0.0,1.0,1.0,
182,0.6055581528092806,0.5487943443726125,0.4439024390243902,0.7435897435897436,1.0,1.0,1.0,0.0,0.0,1.0,0.0,1.0,0.0,1.0,0.0,0.0,1.0,0.0,0.0,
183,0.501095287041287,0.6996879551058883,0.5804878048780487,0.7435897435897436,1.0,1.0,0.0,1.0,0.0,0.0,0.0,1.0,0.0,1.0,0.0,0.0,1.0,0.0,0.0,
184,0.8869987304328424,0.42090604821124084,0.7317073170731707,0.7435897435897436,1.0,1.0,1.0,1.0,0.0,0.0,0.0,1.0,0.0,1.0,0.0,0.0,1.0,0.0,0.0,
185,0.7922000062617764,0.0,0.5024390243902439,0.7435897435897436,1.0,1.0,1.0,1.0,0.0,0.0,0.0,1.0,0.0,1.0,0.0,0.0,1.0,0.0,0.0,
186,0.5307617004158707,0.0,0.7073170731707317,0.7435897435897436,1.0,1.0,1.0,1.0,0.0,0.0,0.0,1.0,0.0,1.0,0.0,1.0,0.0,0.0,1.0,
187,0.6707117538074283,0.0,0.551219512195122,0.7435897435897436,1.0,1.0,1.0,1.0,0.0,0.0,0.0,0.0,1.0,0.0,1.0,0.0,0.0,1.0,1.0,
188,0.7922000062617764,0.5452671458149754,0.9024390243902439,0.7435897435897436,1.0,1.0,1.0,0.0,0.0,1.0,0.0,1.0,0.0,1.0,0.0,0.0,1.0,0.0,0.0,
189,0.6726910376675692,0.0,0.6487804878048781,1.0000000000000002,1.0,1.0,1.0,1.0,0.0,0.0,0.0,1.0,0.0,1.0,0.0,0.0,1.0,0.0,0.0,
190,0.8033824133579579,0.0,0.8536585365853658,0.7435897435897436,1.0,1.0,0.0,1.0,0.0,0.0,0.0,1.0,0.0,0.0,1.0,1.0,0.0,0.0,0.0,
191,0.446586373202361,0.6002396761544757,0.3853658536585366,0.7435897435897436,1.0,1.0,1.0,0.0,1.0,0.0,0.0,1.0,0.0,1.0,0.0,0.0,1.0,0.0,0.0,
192,0.5776019498873441,0.0,0.08292682926829267,0.358974358974359,1.0,1.0,1.0,1.0,0.0,0.0,0.0,1.0,0.0,1.0,0.0,1.0,0.0,0.0,0.0,
193,0.5243877722634309,0.6750626079444774,0.46341463414634143,0.7435897435897436,1.0,1.0,0.0,1.0,0.0,0.0,0.0,0.0,1.0,1.0,0.0,1.0,0.0,0.0,0.0,
194,0.5208086168372237,0.5586148202948776,0.5609756097560976,0.7435897435897436,1.0,1.0,1.0,0.0,1.0,0.0,0.0,1.0,0.0,1.0,0.0,0.0,1.0,0.0,0.0,
195,0.7341575857380058,0.4701211090964029,0.7073170731707317,0.7435897435897436,1.0,1.0,1.0,0.0,1.0,0.0,0.0,1.0,0.0,1.0,0.0,1.0,0.0,0.0,0.0,
196,0.5525617571220554,0.0,0.47317073170731705,0.7435897435897436,1.0,0.0,0.0,1.0,0.0,0.0,0.0,1.0,0.0,0.0,1.0,0.0,0.0,1.0,0.0,
197,0.5868792568318504,0.0,0.42439024390243907,0.7435897435897436,1.0,0.0,0.0,0.0,1.0,0.0,0.0,1.0,0.0,1.0,0.0,1.0,0.0,0.0,0.0,
198,0.5374881049437121,0.0,0.3463414634146341,0.7435897435897436,1.0,1.0,1.0,0.0,1.0,0.0,0.0,1.0,0.0,1.0,0.0,0.0,1.0,0.0,0.0,
199,0.7593002590842579,0.9365036657400606,0.46341463414634143,0.7435897435897436,1.0,1.0,1.0,0.0,0.0,1.0,0.0,1.0,0.0,1.0,0.0,1.0,0.0,0.0,0.0,
200,0.44883909533677896,0.5897742902022917,0.5609756097560976,0.358974358974359,1.0,1.0,1.0,0.0,1.0,0.0,0.0,0.0,1.0,1.0,0.0,0.0,0.0,1.0,1.0,
201,0.5004423278662584,1.0,0.6341463414634146,0.10256410256410257,1.0,1.0,0.0,1.0,0.0,0.0,0.0,1.0,0.0,1.0,0.0,0.0,0.0,1.0,0.0,
202,0.7922000062617764,0.47752504661597434,0.40487804878048783,0.7435897435897436,1.0,1.0,1.0,0.0,0.0,1.0,0.0,1.0,0.0,0.0,1.0,1.0,0.0,0.0,0.0,
203,0.5467952410772845,0.8802138121078504,0.47804878048780486,0.7435897435897436,1.0,1.0,1.0,1.0,0.0,0.0,0.0,0.0,1.0,1.0,0.0,0.0,1.0,0.0,0.0,
204,0.7770792517212124,0.8718039331624774,0.46341463414634143,0.358974358974359,1.0,1.0,0.0,1.0,0.0,0.0,0.0,1.0,0.0,0.0,1.0,0.0,0.0,1.0,1.0,
205,0.8186740377362554,0.0,0.5463414634146342,0.358974358974359,1.0,1.0,1.0,0.0,1.0,0.0,0.0,0.0,1.0,1.0,0.0,0.0,0.0,1.0,0.0,
206,0.49134101268306224,0.5685741975654268,0.47804878048780486,1.0000000000000002,1.0,1.0,1.0,0.0,1.0,0.0,0.0,1.0,0.0,1.0,0.0,0.0,1.0,0.0,0.0,
207,0.359106027729259,0.5724175169549686,0.3170731707317073,0.7435897435897436,1.0,1.0,1.0,1.0,0.0,0.0,0.0,1.0,0.0,1.0,0.0,0.0,0.0,1.0,0.0,
208,0.33905263934692986,0.826036580427814,0.8585365853658536,0.7435897435897436,0.0,1.0,1.0,1.0,0.0,0.0,0.0,0.0,1.0,1.0,0.0,0.0,1.0,0.0,1.0,
209,0.5489253203488504,0.0,0.551219512195122,0.7435897435897436,1.0,0.0,0.0,0.0,0.0,1.0,0.0,1.0,0.0,1.0,0.0,0.0,0.0,1.0,1.0,
210,0.4574159656809083,0.6165296041962438,0.3853658536585366,0.7435897435897436,1.0,1.0,0.0,1.0,0.0,0.0,0.0,0.0,1.0,0.0,1.0,1.0,0.0,0.0,0.0,
211,0.7766980553600529,0.0,0.4390243902439025,0.7435897435897436,0.0,1.0,0.0,1.0,0.0,0.0,0.0,0.0,1.0,1.0,0.0,1.0,0.0,0.0,1.0,
212,0.7139391844693066,0.0,0.33658536585365856,0.7435897435897436,1.0,1.0,1.0,0.0,0.0,0.0,1.0,1.0,0.0,1.0,0.0,0.0,0.0,1.0,1.0,
213,0.6874279195809423,0.0,0.5024390243902439,0.7435897435897436,1.0,1.0,1.0,0.0,0.0,0.0,1.0,0.0,1.0,1.0,0.0,0.0,1.0,0.0,1.0,
214,0.392958069262244,0.6224756070918053,0.5317073170731708,0.7435897435897436,1.0,1.0,0.0,1.0,0.0,0.0,0.0,1.0,0.0,1.0,0.0,0.0,1.0,0.0,0.0,
215,0.5543728873656533,0.0,0.6341463414634146,0.05128205128205128,1.0,0.0,0.0,0.0,1.0,0.0,0.0,1.0,0.0,1.0,0.0,0.0,1.0,0.0,1.0,
216,0.8609251204875012,0.0,0.46341463414634143,0.7435897435897436,1.0,0.0,0.0,1.0,0.0,0.0,0.0,1.0,0.0,1.0,0.0,1.0,0.0,0.0,0.0,
217,0.7070381531217309,0.0,0.5024390243902439,0.7435897435897436,1.0,1.0,0.0,1.0,0.0,0.0,0.0,1.0,0.0,0.0,1.0,0.0,1.0,0.0,0.0,
218,0.6135682266174731,0.7775800708172679,0.6146341463414634,0.7435897435897436,1.0,1.0,0.0,1.0,0.0,0.0,0.0,1.0,0.0,1.0,0.0,1.0,0.0,0.0,0.0,
219,0.6683821027164012,0.4932450210220312,0.6097560975609756,0.7435897435897436,1.0,1.0,1.0,0.0,0.0,1.0,0.0,1.0,0.0,1.0,0.0,0.0,1.0,0.0,0.0,
220,0.6353072318316693,0.5636165077383057,0.6585365853658537,0.7435897435897436,0.0,1.0,1.0,0.0,0.0,0.0,1.0,1.0,0.0,1.0,0.0,0.0,0.0,1.0,0.0,
221,0.5480132306599965,0.0,0.5365853658536586,0.7435897435897436,1.0,0.0,0.0,1.0,0.0,0.0,0.0,1.0,0.0,1.0,0.0,1.0,0.0,0.0,1.0,
222,0.4906780376890327,0.5231024796105502,0.3170731707317073,0.7435897435897436,1.0,0.0,0.0,0.0,1.0,0.0,0.0,1.0,0.0,1.0,0.0,0.0,0.0,1.0,0.0,
223,0.529408371720886,0.0,0.02439024390243902,0.7435897435897436,1.0,0.0,0.0,1.0,0.0,0.0,0.0,1.0,0.0,1.0,0.0,0.0,0.0,1.0,0.0,
224,0.48590633712421544,0.5707296449824677,0.4926829268292683,0.7435897435897436,1.0,1.0,0.0,1.0,0.0,0.0,0.0,1.0,0.0,1.0,0.0,1.0,0.0,0.0,0.0,
225,0.4617168644982153,0.6244450263625745,0.6097560975609756,0.7435897435897436,1.0,1.0,1.0,1.0,0.0,0.0,0.0,1.0,0.0,1.0,0.0,0.0,1.0,0.0,0.0,
226,0.5952813578654053,0.0,0.3170731707317073,0.7435897435897436,1.0,1.0,1.0,0.0,0.0,1.0,0.0,1.0,0.0,1.0,0.0,0.0,1.0,0.0,0.0,
227,0.47659230038580797,0.5684199242760408,0.4390243902439025,0.7435897435897436,1.0,1.0,1.0,0.0,1.0,0.0,0.0,1.0,0.0,1.0,0.0,0.0,1.0,0.0,0.0,
228,0.604058459012172,0.7578160813287781,0.8878048780487805,0.7435897435897436,1.0,1.0,1.0,1.0,0.0,0.0,0.0,1.0,0.0,1.0,0.0,0.0,1.0,0.0,0.0,
229,0.5152971019909462,0.47752504661597434,0.2682926829268293,0.7435897435897436,1.0,1.0,1.0,1.0,0.0,0.0,0.0,1.0,0.0,1.0,0.0,0.0,0.0,1.0,0.0,
230,0.6140313292125072,0.0,0.48292682926829267,0.7435897435897436,1.0,0.0,1.0,1.0,0.0,0.0,0.0,0.0,1.0,1.0,0.0,1.0,0.0,0.0,0.0,
231,0.6096669486803068,0.6523337942007189,0.6487804878048781,0.7435897435897436,0.0,1.0,0.0,0.0,1.0,0.0,0.0,0.0,1.0,0.0,1.0,0.0,0.0,1.0,1.0,
232,0.5978402289823717,0.37460146629602425,0.42439024390243907,0.7435897435897436,1.0,1.0,1.0,1.0,0.0,0.0,0.0,1.0,0.0,1.0,0.0,0.0,1.0,0.0,0.0,
233,0.4235686555414168,0.41583293515504066,0.25853658536585367,0.358974358974359,1.0,1.0,1.0,0.0,0.0,1.0,0.0,1.0,0.0,1.0,0.0,0.0,0.0,1.0,0.0,
234,0.3593847408383684,0.5405824945674167,0.14146341463414636,0.7435897435897436,1.0,0.0,0.0,1.0,0.0,0.0,0.0,1.0,0.0,1.0,0.0,0.0,0.0,1.0,0.0,
235,0.5211251979791816,0.7317923777928786,0.3121951219512195,0.7435897435897436,1.0,1.0,0.0,1.0,0.0,0.0,0.0,1.0,0.0,1.0,0.0,1.0,0.0,0.0,0.0,
236,0.45939585343739314,0.5487943443726125,0.36097560975609755,0.6153846153846154,1.0,0.0,0.0,1.0,0.0,0.0,0.0,1.0,0.0,0.0,1.0,0.0,1.0,0.0,1.0,
237,0.5764339007731194,0.5922969241671178,0.46341463414634143,0.7435897435897436,1.0,1.0,1.0,1.0,0.0,0.0,0.0,1.0,0.0,1.0,0.0,1.0,0.0,0.0,0.0,
238,0.6162503012129663,0.0,0.4390243902439025,0.7435897435897436,1.0,0.0,0.0,1.0,0.0,0.0,0.0,1.0,0.0,1.0,0.0,0.0,1.0,0.0,0.0,
239,0.5123102282590257,0.6509879421497888,0.5560975609756098,0.7435897435897436,1.0,1.0,1.0,1.0,0.0,0.0,0.0,1.0,0.0,1.0,0.0,1.0,0.0,0.0,0.0,
240,0.6413186638070116,0.0,0.4975609756097561,0.7435897435897436,0.0,1.0,1.0,0.0,0.0,1.0,0.0,1.0,0.0,1.0,0.0,0.0,1.0,0.0,1.0,
241,0.5205974791170522,0.5231024796105502,0.5317073170731708,0.7435897435897436,1.0,1.0,1.0,0.0,0.0,1.0,0.0,1.0,0.0,1.0,0.0,0.0,0.0,1.0,0.0,
242,0.7274970180796914,0.0,0.5756097560975609,1.0000000000000002,0.0,0.0,0.0,1.0,0.0,0.0,0.0,1.0,0.0,1.0,0.0,0.0,0.0,1.0,1.0,
243,0.4336148994410041,0.7647285024842738,0.7170731707317073,0.7435897435897436,1.0,1.0,1.0,1.0,0.0,0.0,0.0,1.0,0.0,1.0,0.0,0.0,1.0,0.0,0.0,
244,0.6427474460355007,0.4682518328700303,0.41463414634146345,0.7435897435897436,1.0,1.0,1.0,0.0,0.0,0.0,1.0,1.0,0.0,1.0,0.0,0.0,0.0,1.0,0.0,
245,0.8379546559357556,0.0,0.8536585365853658,0.7435897435897436,1.0,1.0,1.0,0.0,1.0,0.0,0.0,1.0,0.0,1.0,0.0,0.0,1.0,0.0,0.0,
246,0.664744882681727,0.0,0.5365853658536586,0.7435897435897436,1.0,0.0,1.0,0.0,1.0,0.0,0.0,1.0,0.0,1.0,0.0,0.0,0.0,1.0,0.0,
247,0.6932333829549235,0.6676161162846738,0.6146341463414634,1.0000000000000002,1.0,0.0,0.0,1.0,0.0,0.0,0.0,1.0,0.0,1.0,0.0,1.0,0.0,0.0,1.0,
248,0.3869153014155651,0.7162875699239616,0.4292682926829269,0.7435897435897436,1.0,1.0,1.0,0.0,1.0,0.0,0.0,1.0,0.0,1.0,0.0,0.0,0.0,1.0,1.0,
249,0.3578499078897683,0.717388704424787,0.33170731707317075,0.7435897435897436,0.0,1.0,1.0,1.0,0.0,0.0,0.0,0.0,1.0,1.0,0.0,0.0,0.0,1.0,1.0,
250,0.4905674746450957,0.5540430403683453,0.3902439024390244,0.7435897435897436,1.0,1.0,1.0,1.0,0.0,0.0,0.0,0.0,1.0,1.0,0.0,0.0,1.0,0.0,0.0,
251,0.6932333829549235,0.0,0.5219512195121951,0.7435897435897436,1.0,0.0,0.0,1.0,0.0,0.0,0.0,1.0,0.0,1.0,0.0,1.0,0.0,0.0,0.0,
252,0.33276969060908473,0.5623702563343943,0.3463414634146341,0.7435897435897436,1.0,1.0,1.0,0.0,1.0,0.0,0.0,1.0,0.0,1.0,0.0,0.0,0.0,1.0,0.0,
253,0.6047149440678281,0.6622080926508567,0.5609756097560976,0.7435897435897436,1.0,1.0,0.0,1.0,0.0,0.0,0.0,1.0,0.0,1.0,0.0,1.0,0.0,0.0,0.0,
254,0.385062530686125,0.0,0.5922544495715227,0.7435897435897436,1.0,1.0,0.0,1.0,0.0,0.0,0.0,0.0,1.0,1.0,0.0,0.0,0.0,1.0,1.0,
255,0.5820620933117118,0.5405824945674167,0.5365853658536586,0.7435897435897436,1.0,0.0,0.0,1.0,0.0,0.0,0.0,1.0,0.0,1.0,0.0,1.0,0.0,0.0,0.0,
256,0.4356759141238939,0.5716509202309983,0.3853658536585366,0.7435897435897436,0.0,0.0,0.0,1.0,0.0,0.0,0.0,1.0,0.0,1.0,0.0,0.0,0.0,1.0,1.0,
257,0.8930425266364816,0.0,0.7804878048780488,0.7435897435897436,1.0,1.0,1.0,0.0,0.0,1.0,0.0,0.0,1.0,1.0,0.0,1.0,0.0,0.0,0.0,
258,0.4951946881351658,0.0,0.28780487804878047,0.7435897435897436,1.0,0.0,0.0,1.0,0.0,0.0,0.0,1.0,0.0,1.0,0.0,0.0,1.0,0.0,0.0,
259,0.4962914863232834,0.6495042838729693,0.41951219512195126,0.7435897435897436,1.0,1.0,0.0,1.0,0.0,0.0,0.0,0.0,1.0,1.0,0.0,0.0,1.0,0.0,0.0,
260,0.4484839706263278,0.0,0.15121951219512197,0.7435897435897436,1.0,0.0,0.0,1.0,0.0,0.0,0.0,1.0,0.0,1.0,0.0,1.0,0.0,0.0,0.0,
261,0.7536086655992575,0.0,0.5804878048780487,0.15384615384615388,1.0,1.0,1.0,0.0,0.0,1.0,0.0,1.0,0.0,0.0,1.0,1.0,0.0,0.0,0.0,
262,0.44444427685083726,0.5685741975654268,0.6536585365853659,0.7435897435897436,1.0,1.0,1.0,1.0,0.0,0.0,0.0,1.0,0.0,1.0,0.0,1.0,0.0,0.0,1.0,
263,0.5460837561538396,0.5363476764467423,0.41951219512195126,0.358974358974359,1.0,1.0,1.0,0.0,1.0,0.0,0.0,0.0,1.0,1.0,0.0,0.0,0.0,1.0,0.0,
264,0.5776992021252003,0.0,0.46341463414634143,0.7435897435897436,1.0,1.0,1.0,0.0,0.0,1.0,0.0,1.0,0.0,1.0,0.0,0.0,1.0,0.0,0.0,
265,0.3926967517552283,0.6118172069214325,0.3073170731707317,0.7435897435897436,1.0,1.0,1.0,1.0,0.0,0.0,0.0,1.0,0.0,1.0,0.0,0.0,0.0,1.0,0.0,
266,0.5603764143968595,0.0,0.42439024390243907,0.7435897435897436,1.0,0.0,0.0,0.0,1.0,0.0,0.0,1.0,0.0,1.0,0.0,0.0,1.0,0.0,0.0,
267,0.4356759141238939,0.6165296041962438,0.4390243902439025,0.7435897435897436,1.0,1.0,1.0,1.0,0.0,0.0,0.0,1.0,0.0,1.0,0.0,0.0,1.0,0.0,0.0,
268,0.6361174267131744,0.18207712262309286,0.48292682926829267,0.7435897435897436,1.0,1.0,1.0,0.0,0.0,0.0,1.0,1.0,0.0,1.0,0.0,0.0,1.0,0.0,0.0,
269,0.5663292902843604,0.528108359023386,0.5922544495715227,0.7435897435897436,1.0,1.0,1.0,0.0,0.0,1.0,0.0,0.0,1.0,1.0,0.0,1.0,0.0,0.0,0.0,
270,0.5219686799658185,0.723596816064657,0.5219512195121951,0.7435897435897436,1.0,0.0,0.0,1.0,0.0,0.0,0.0,1.0,0.0,1.0,0.0,1.0,0.0,0.0,0.0,
271,0.6862450529116828,0.0,0.5121951219512195,0.7435897435897436,0.0,1.0,0.0,1.0,0.0,0.0,0.0,1.0,0.0,1.0,0.0,1.0,0.0,0.0,0.0,
272,0.7592225340088157,0.615533019494531,0.775609756097561,0.7435897435897436,1.0,1.0,1.0,1.0,0.0,0.0,0.0,1.0,0.0,0.0,1.0,0.0,1.0,0.0,0.0,
273,0.6353072318316693,0.6556863386071337,0.41463414634146345,0.7435897435897436,1.0,0.0,1.0,1.0,0.0,0.0,0.0,1.0,0.0,1.0,0.0,0.0,0.0,1.0,1.0,
274,0.447654519083237,0.0,0.20487804878048782,0.7435897435897436,1.0,0.0,0.0,1.0,0.0,0.0,0.0,1.0,0.0,1.0,0.0,0.0,0.0,1.0,0.0,
275,0.6398872814224275,0.5608085475255555,0.448780487804878,0.7435897435897436,1.0,1.0,0.0,0.0,1.0,0.0,0.0,1.0,0.0,1.0,0.0,0.0,0.0,1.0,0.0,
276,0.4971675765792564,0.0,0.35609756097560974,0.7435897435897436,1.0,1.0,0.0,1.0,0.0,0.0,0.0,1.0,0.0,1.0,0.0,0.0,1.0,0.0,0.0,
277,0.48590633712421544,0.0,0.224390243902439,0.7435897435897436,1.0,1.0,0.0,1.0,0.0,0.0,0.0,1.0,0.0,1.0,0.0,0.0,0.0,1.0,0.0,
278,0.7343973847399943,0.8874576756771135,0.21951219512195125,0.7435897435897436,1.0,1.0,1.0,1.0,0.0,0.0,0.0,1.0,0.0,0.0,1.0,0.0,1.0,0.0,0.0,
279,0.7139391844693066,0.34739110862826206,0.6585365853658537,0.7435897435897436,1.0,1.0,1.0,0.0,1.0,0.0,0.0,1.0,0.0,1.0,0.0,1.0,0.0,0.0,0.0,
280,0.447654519083237,0.8982627603708202,0.7365853658536585,0.7435897435897436,1.0,1.0,1.0,0.0,0.0,1.0,0.0,1.0,0.0,0.0,1.0,1.0,0.0,0.0,0.0,
281,0.362024877505663,0.0,0.5922544495715227,0.7435897435897436,0.0,0.0,0.0,0.0,0.0,0.0,1.0,0.0,1.0,1.0,0.0,0.0,0.0,1.0,1.0,
282,0.6195666877993145,0.0,0.224390243902439,0.7435897435897436,1.0,0.0,0.0,1.0,0.0,0.0,0.0,1.0,0.0,1.0,0.0,0.0,1.0,0.0,0.0,
283,0.4648362223560332,0.5276099083610987,0.7219512195121951,0.7435897435897436,1.0,1.0,1.0,0.0,0.0,0.0,1.0,0.0,1.0,1.0,0.0,1.0,0.0,0.0,1.0,
284,0.4330073205980643,0.0,0.10243902439024391,0.7435897435897436,1.0,0.0,0.0,1.0,0.0,0.0,0.0,1.0,0.0,1.0,0.0,1.0,0.0,0.0,1.0,
285,0.6549648063978544,0.4643018573074801,0.6487804878048781,0.7435897435897436,1.0,1.0,1.0,0.0,1.0,0.0,0.0,0.0,1.0,1.0,0.0,0.0,0.0,1.0,0.0,
286,0.5227058529304289,0.0,0.23902439024390243,0.7435897435897436,1.0,1.0,1.0,0.0,0.0,0.0,1.0,0.0,1.0,1.0,0.0,0.0,1.0,0.0,0.0,
287,0.4574159656809083,0.6392966666815729,0.4878048780487805,0.7435897435897436,1.0,1.0,1.0,0.0,0.0,1.0,0.0,1.0,0.0,1.0,0.0,1.0,0.0,0.0,0.0,
288,0.44753593125851016,0.6566219836392558,0.6585365853658537,0.7435897435897436,1.0,1.0,1.0,1.0,0.0,0.0,0.0,1.0,0.0,1.0,0.0,0.0,1.0,0.0,0.0,
289,0.5585807334221304,0.7527066287074885,0.6195121951219512,0.7435897435897436,0.0,1.0,1.0,1.0,0.0,0.0,0.0,0.0,1.0,1.0,0.0,1.0,0.0,0.0,1.0,
290,0.5131650034434023,0.6166718419658596,0.4926829268292683,0.7435897435897436,1.0,1.0,1.0,0.0,0.0,1.0,0.0,0.0,1.0,1.0,0.0,0.0,0.0,1.0,0.0,
291,0.9848602508888225,0.0,0.9902439024390245,0.7435897435897436,1.0,1.0,1.0,1.0,0.0,0.0,0.0,1.0,0.0,1.0,0.0,0.0,1.0,0.0,0.0,
292,0.4670217990770537,0.6044621540696392,0.34146341463414637,0.7435897435897436,1.0,1.0,1.0,0.0,0.0,0.0,1.0,1.0,0.0,1.0,0.0,1.0,0.0,0.0,0.0,
293,0.7341575857380058,0.0,0.3902439024390244,0.7435897435897436,0.0,0.0,1.0,1.0,0.0,0.0,0.0,1.0,0.0,0.0,1.0,1.0,0.0,0.0,1.0,
294,0.43845276212901946,0.29762552093260025,0.5121951219512195,0.7435897435897436,1.0,0.0,1.0,1.0,0.0,0.0,0.0,1.0,0.0,1.0,0.0,0.0,1.0,0.0,0.0,
295,0.5869752768416463,0.0,0.4439024390243902,0.358974358974359,1.0,0.0,0.0,1.0,0.0,0.0,0.0,1.0,0.0,1.0,0.0,0.0,0.0,1.0,0.0,
296,0.937198557432414,0.7453298437868239,0.6829268292682927,0.7435897435897436,1.0,1.0,1.0,0.0,0.0,1.0,0.0,1.0,0.0,1.0,0.0,1.0,0.0,0.0,0.0,
297,0.5929041232794066,0.0,0.20487804878048782,0.7435897435897436,1.0,1.0,1.0,0.0,1.0,0.0,0.0,1.0,0.0,1.0,0.0,0.0,0.0,1.0,1.0,
298,0.5042420020522937,0.5405824945674167,0.36585365853658536,1.0000000000000002,0.0,1.0,1.0,1.0,0.0,0.0,0.0,0.0,1.0,1.0,0.0,0.0,0.0,1.0,1.0,
299,0.7071206368826626,0.7453298437868239,0.8536585365853658,0.7435897435897436,1.0,1.0,1.0,0.0,0.0,0.0,1.0,1.0,0.0,1.0,0.0,0.0,1.0,0.0,0.0,
300,0.669677175548753,0.0,0.2731707317073171,0.7435897435897436,1.0,0.0,0.0,0.0,1.0,0.0,0.0,1.0,0.0,1.0,0.0,0.0,1.0,0.0,1.0,
301,0.6720031348188937,0.6397080986666785,0.5121951219512195,0.7435897435897436,1.0,1.0,1.0,1.0,0.0,0.0,0.0,1.0,0.0,1.0,0.0,0.0,0.0,1.0,0.0,
302,0.5056476600668898,0.7293914776935475,0.34146341463414637,0.6153846153846154,1.0,1.0,1.0,1.0,0.0,0.0,0.0,1.0,0.0,1.0,0.0,0.0,0.0,1.0,0.0,
303,0.8341576119899239,0.0,0.5658536585365853,0.7435897435897436,1.0,1.0,0.0,1.0,0.0,0.0,0.0,1.0,0.0,0.0,1.0,1.0,0.0,0.0,0.0,
304,0.7896467322278278,0.0,0.526829268292683,0.7435897435897436,1.0,1.0,0.0,1.0,0.0,0.0,0.0,0.0,1.0,1.0,0.0,1.0,0.0,0.0,1.0,
305,0.447654519083237,0.0,0.3463414634146341,1.0000000000000002,1.0,1.0,0.0,1.0,0.0,0.0,0.0,1.0,0.0,1.0,0.0,0.0,1.0,0.0,1.0,
306,0.703566597112572,0.0,0.48292682926829267,0.7435897435897436,0.0,1.0,0.0,1.0,0.0,0.0,0.0,1.0,0.0,1.0,0.0,1.0,0.0,0.0,1.0,
307,0.797807784960938,0.0,0.7317073170731707,0.7435897435897436,1.0,1.0,1.0,0.0,1.0,0.0,0.0,1.0,0.0,1.0,0.0,0.0,1.0,0.0,0.0,
308,0.7086039820006347,0.0,0.6341463414634146,0.7435897435897436,1.0,1.0,1.0,0.0,0.0,1.0,0.0,1.0,0.0,1.0,0.0,0.0,1.0,0.0,0.0,
309,0.510918843623634,0.5903688208877333,0.41951219512195126,0.358974358974359,0.0,1.0,0.0,0.0,1.0,0.0,0.0,1.0,0.0,1.0,0.0,0.0,0.0,1.0,1.0,
310,0.47817309946317493,0.5058853763775207,0.41463414634146345,0.7435897435897436,1.0,0.0,0.0,1.0,0.0,0.0,0.0,1.0,0.0,1.0,0.0,0.0,0.0,1.0,0.0,
311,0.6777465636944717,0.40236975632292227,0.46341463414634143,0.358974358974359,1.0,1.0,1.0,1.0,0.0,0.0,0.0,1.0,0.0,1.0,0.0,0.0,0.0,1.0,0.0,
312,0.9639512813708266,0.9361289893234882,0.5121951219512195,0.7435897435897436,1.0,1.0,1.0,0.0,0.0,0.0,1.0,1.0,0.0,1.0,0.0,1.0,0.0,0.0,0.0,
313,0.6332329028605439,0.0,0.5121951219512195,0.7435897435897436,1.0,1.0,1.0,1.0,0.0,0.0,0.0,1.0,0.0,1.0,0.0,0.0,1.0,0.0,0.0,
314,0.5116684169465229,0.0,0.224390243902439,1.0000000000000002,1.0,1.0,0.0,1.0,0.0,0.0,0.0,1.0,0.0,1.0,0.0,0.0,0.0,1.0,1.0,
315,0.7254000942111751,0.0,0.5121951219512195,0.7435897435897436,1.0,1.0,1.0,0.0,0.0,1.0,0.0,1.0,0.0,1.0,0.0,0.0,0.0,1.0,0.0,
316,0.5393391162295542,0.6622080926508567,0.5024390243902439,0.7435897435897436,1.0,1.0,1.0,1.0,0.0,0.0,0.0,1.0,0.0,1.0,0.0,0.0,1.0,0.0,0.0,
317,0.77326016883032,0.0,0.6390243902439025,0.7435897435897436,1.0,0.0,0.0,1.0,0.0,0.0,0.0,1.0,0.0,1.0,0.0,0.0,0.0,1.0,0.0,
318,0.8586167110061425,0.0,0.5024390243902439,0.7435897435897436,1.0,1.0,0.0,1.0,0.0,0.0,0.0,1.0,0.0,0.0,1.0,0.0,0.0,1.0,0.0,
319,0.6560183817206677,0.0,0.36585365853658536,0.7435897435897436,1.0,1.0,1.0,0.0,0.0,1.0,0.0,1.0,0.0,1.0,0.0,0.0,0.0,1.0,1.0,
320,0.5728204548859495,0.0,0.4292682926829269,0.358974358974359,1.0,1.0,0.0,0.0,1.0,0.0,0.0,1.0,0.0,1.0,0.0,0.0,0.0,1.0,0.0,
321,0.4291035957962946,0.5297664741206853,0.5219512195121951,0.7435897435897436,1.0,1.0,0.0,1.0,0.0,0.0,0.0,0.0,1.0,1.0,0.0,0.0,1.0,0.0,0.0,
322,0.5053235470259065,0.7416730637689595,0.5922544495715227,0.7435897435897436,0.0,1.0,1.0,1.0,0.0,0.0,0.0,0.0,1.0,1.0,0.0,0.0,0.0,1.0,1.0,
323,0.42751010735422484,0.6511226525376043,0.5414634146341464,0.7435897435897436,1.0,1.0,1.0,1.0,0.0,0.0,0.0,1.0,0.0,1.0,0.0,0.0,0.0,1.0,0.0,
324,0.733197735107652,0.0,0.4878048780487805,0.7435897435897436,1.0,1.0,1.0,1.0,0.0,0.0,0.0,1.0,0.0,1.0,0.0,1.0,0.0,0.0,0.0,
325,0.9900737664093824,0.0,0.7804878048780488,0.7435897435897436,1.0,1.0,0.0,0.0,0.0,0.0,1.0,1.0,0.0,1.0,0.0,1.0,0.0,0.0,0.0,
326,0.4574159656809083,0.6090874699454534,0.46341463414634143,0.7435897435897436,1.0,1.0,1.0,1.0,0.0,0.0,0.0,1.0,0.0,1.0,0.0,0.0,0.0,1.0,0.0,
327,0.3841337135468155,0.5338892325960373,0.4292682926829269,0.358974358974359,1.0,1.0,1.0,0.0,0.0,1.0,0.0,0.0,1.0,1.0,0.0,0.0,1.0,0.0,0.0,
328,0.5149777261611543,0.49555116028971213,0.4292682926829269,0.7435897435897436,1.0,1.0,1.0,0.0,0.0,1.0,0.0,1.0,0.0,1.0,0.0,0.0,0.0,1.0,0.0,
329,0.5334602620643534,0.29137156076637694,0.5365853658536586,0.7435897435897436,1.0,1.0,1.0,0.0,0.0,1.0,0.0,1.0,0.0,1.0,0.0,0.0,1.0,0.0,0.0,
330,0.523442213198692,0.0,0.224390243902439,0.7435897435897436,0.0,0.0,0.0,1.0,0.0,0.0,0.0,1.0,0.0,1.0,0.0,0.0,0.0,1.0,1.0,
331,0.5078043027054191,0.5058853763775207,0.34146341463414637,0.7435897435897436,1.0,1.0,1.0,1.0,0.0,0.0,0.0,1.0,0.0,1.0,0.0,0.0,0.0,1.0,0.0,
332,0.595471207032112,0.5405824945674167,0.40975609756097564,0.7435897435897436,1.0,1.0,0.0,1.0,0.0,0.0,0.0,0.0,1.0,1.0,0.0,1.0,0.0,0.0,0.0,
333,0.3140174320611777,0.5619021994440364,0.3804878048780488,0.7435897435897436,0.0,0.0,0.0,1.0,0.0,0.0,0.0,1.0,0.0,1.0,0.0,0.0,1.0,0.0,1.0,
334,0.49211361187885255,0.0,0.0975609756097561,0.358974358974359,0.0,1.0,1.0,0.0,0.0,1.0,0.0,0.0,1.0,1.0,0.0,0.0,0.0,1.0,1.0,
335,0.4771573324016131,0.0,0.1951219512195122,0.6153846153846154,1.0,1.0,0.0,1.0,0.0,0.0,0.0,0.0,1.0,1.0,0.0,1.0,0.0,0.0,1.0,
336,0.38013446952504654,0.0,0.13658536585365855,0.7435897435897436,1.0,0.0,0.0,1.0,0.0,0.0,0.0,0.0,1.0,1.0,0.0,0.0,1.0,0.0,0.0,
337,0.8776255658099392,0.0,0.824390243902439,0.7435897435897436,1.0,0.0,0.0,1.0,0.0,0.0,0.0,1.0,0.0,0.0,1.0,1.0,0.0,0.0,1.0,
338,0.6543495796851475,0.0,0.4390243902439025,0.7435897435897436,1.0,0.0,0.0,1.0,0.0,0.0,0.0,1.0,0.0,1.0,0.0,0.0,1.0,0.0,0.0,
339,0.4067582291004174,0.6488287722145143,0.4390243902439025,0.7435897435897436,1.0,1.0,1.0,1.0,0.0,0.0,0.0,0.0,1.0,1.0,0.0,0.0,0.0,1.0,0.0,
340,0.41258608001632474,0.0,0.2,0.7435897435897436,1.0,0.0,0.0,1.0,0.0,0.0,0.0,0.0,1.0,1.0,0.0,1.0,0.0,0.0,0.0,
341,0.9350531463049392,0.0,0.6195121951219512,0.6153846153846154,0.0,1.0,1.0,0.0,1.0,0.0,0.0,1.0,0.0,1.0,0.0,0.0,1.0,0.0,1.0,
342,0.5921417895588572,0.0,0.18048780487804877,0.7435897435897436,1.0,0.0,0.0,0.0,1.0,0.0,0.0,0.0,1.0,0.0,1.0,0.0,1.0,0.0,1.0,
343,0.7926498624714509,0.0,0.6585365853658537,0.7435897435897436,1.0,1.0,1.0,1.0,0.0,0.0,0.0,1.0,0.0,1.0,0.0,0.0,0.0,1.0,0.0,
344,0.7805788938904543,0.0,0.9414634146341464,0.7435897435897436,0.0,1.0,1.0,1.0,0.0,0.0,0.0,0.0,1.0,1.0,0.0,1.0,0.0,0.0,1.0,
345,0.4176047270914837,0.5971633817834635,0.41463414634146345,0.7435897435897436,1.0,1.0,1.0,1.0,0.0,0.0,0.0,0.0,1.0,1.0,0.0,1.0,0.0,0.0,0.0,
346,0.4044609466211792,0.7535218136607031,0.7463414634146341,0.7435897435897436,0.0,0.0,1.0,1.0,0.0,0.0,0.0,0.0,1.0,1.0,0.0,0.0,1.0,0.0,1.0,
347,0.5037005535990582,0.0,0.17073170731707316,0.7435897435897436,1.0,0.0,0.0,1.0,0.0,0.0,0.0,1.0,0.0,1.0,0.0,0.0,0.0,1.0,0.0,
348,0.45939585343739314,0.0,0.6585365853658537,0.7435897435897436,1.0,0.0,0.0,0.0,1.0,0.0,0.0,1.0,0.0,1.0,0.0,0.0,0.0,1.0,1.0,
349,0.23440301225227134,0.6974280562917291,0.42439024390243907,0.7435897435897436,1.0,1.0,1.0,1.0,0.0,0.0,0.0,1.0,0.0,1.0,0.0,1.0,0.0,0.0,0.0,
350,0.5303455803363497,0.4985507852352571,0.551219512195122,0.7435897435897436,1.0,1.0,1.0,1.0,0.0,0.0,0.0,1.0,0.0,1.0,0.0,0.0,1.0,0.0,0.0,
351,0.7600771428174316,0.0,0.551219512195122,0.7435897435897436,1.0,1.0,1.0,1.0,0.0,0.0,0.0,1.0,0.0,1.0,0.0,1.0,0.0,0.0,0.0,
352,0.4731912670129513,0.0,0.2682926829268293,0.7435897435897436,0.0,0.0,0.0,1.0,0.0,0.0,0.0,0.0,1.0,1.0,0.0,0.0,0.0,1.0,1.0,
353,0.36063704950899395,0.5491138753134395,0.36585365853658536,0.7435897435897436,1.0,1.0,1.0,1.0,0.0,0.0,0.0,1.0,0.0,1.0,0.0,0.0,0.0,1.0,0.0,
354,0.8644126540823092,0.5407447098732636,0.41463414634146345,0.7435897435897436,0.0,1.0,1.0,0.0,1.0,0.0,0.0,1.0,0.0,1.0,0.0,0.0,0.0,1.0,1.0,
355,0.4670217990770537,0.8684777715706552,0.46829268292682924,0.7435897435897436,1.0,1.0,1.0,1.0,0.0,0.0,0.0,1.0,0.0,1.0,0.0,1.0,0.0,0.0,0.0,
356,0.6595203375971574,0.0,0.2731707317073171,0.7435897435897436,1.0,0.0,0.0,0.0,1.0,0.0,0.0,0.0,1.0,1.0,0.0,1.0,0.0,0.0,1.0,
357,0.7682714913887274,0.0,0.526829268292683,0.7435897435897436,1.0,1.0,1.0,0.0,0.0,1.0,0.0,1.0,0.0,1.0,0.0,0.0,1.0,0.0,0.0,
358,0.4955239247225089,0.053174940123594576,0.3024390243902439,0.7435897435897436,1.0,1.0,1.0,1.0,0.0,0.0,0.0,1.0,0.0,1.0,0.0,1.0,0.0,0.0,0.0,
359,0.4728501343741108,0.0,0.17073170731707316,0.358974358974359,1.0,1.0,0.0,1.0,0.0,0.0,0.0,0.0,1.0,1.0,0.0,0.0,0.0,1.0,0.0,
360,0.9559362512130023,0.0,0.6097560975609756,0.7435897435897436,1.0,0.0,0.0,0.0,1.0,0.0,0.0,1.0,0.0,0.0,1.0,0.0,1.0,0.0,0.0,
361,0.8107646859261342,0.0,0.3902439024390244,0.7435897435897436,0.0,1.0,0.0,1.0,0.0,0.0,0.0,1.0,0.0,1.0,0.0,1.0,0.0,0.0,1.0,
362,0.43869360309938293,0.6406670791152447,0.5756097560975609,0.7435897435897436,1.0,1.0,1.0,1.0,0.0,0.0,0.0,1.0,0.0,1.0,0.0,0.0,1.0,0.0,0.0,
363,0.5809012188318585,0.0,0.36585365853658536,0.7435897435897436,1.0,1.0,0.0,1.0,0.0,0.0,0.0,1.0,0.0,1.0,0.0,0.0,0.0,1.0,0.0,
364,0.3751597415773528,0.5698068801994938,0.12195121951219512,0.7435897435897436,1.0,1.0,0.0,1.0,0.0,0.0,0.0,1.0,0.0,1.0,0.0,0.0,1.0,0.0,0.0,
365,0.41258608001632474,0.4442226931253383,0.5922544495715227,0.7435897435897436,1.0,1.0,1.0,1.0,0.0,0.0,0.0,1.0,0.0,1.0,0.0,0.0,0.0,1.0,0.0,
366,0.8568643757390377,0.0,0.551219512195122,0.7435897435897436,1.0,0.0,1.0,1.0,0.0,0.0,0.0,0.0,1.0,0.0,1.0,1.0,0.0,0.0,0.0,
367,0.5721347824947711,0.9424782313818508,0.7902439024390244,0.7435897435897436,1.0,1.0,0.0,1.0,0.0,0.0,0.0,1.0,0.0,1.0,0.0,0.0,1.0,0.0,0.0,
368,0.9087676253649237,0.5670295758646808,0.7560975609756098,0.7435897435897436,1.0,1.0,1.0,1.0,0.0,0.0,0.0,1.0,0.0,1.0,0.0,1.0,0.0,0.0,0.0,
369,0.6682956912236797,0.591259496004509,0.6,0.7435897435897436,1.0,1.0,0.0,0.0,0.0,0.0,1.0,0.0,1.0,1.0,0.0,0.0,1.0,0.0,0.0,
370,0.5528639384693834,0.4606988887099536,0.5121951219512195,0.7435897435897436,1.0,1.0,1.0,0.0,1.0,0.0,0.0,1.0,0.0,0.0,1.0,1.0,0.0,0.0,0.0,
371,0.6635288409639593,0.0,0.41463414634146345,0.7435897435897436,1.0,1.0,1.0,0.0,0.0,1.0,0.0,0.0,1.0,1.0,0.0,1.0,0.0,0.0,0.0,
372,0.5601771200222856,0.49128521726991337,0.14634146341463417,0.7435897435897436,1.0,1.0,1.0,1.0,0.0,0.0,0.0,1.0,0.0,1.0,0.0,1.0,0.0,0.0,1.0,
373,0.5400576037122038,0.5476745179876852,0.6097560975609756,0.7435897435897436,0.0,1.0,1.0,0.0,0.0,1.0,0.0,1.0,0.0,1.0,0.0,1.0,0.0,0.0,1.0,
374,0.47873669997985363,0.5200758246230118,0.8048780487804879,0.7435897435897436,1.0,1.0,0.0,0.0,1.0,0.0,0.0,0.0,1.0,0.0,1.0,0.0,1.0,0.0,1.0,
375,0.42455657458414015,0.4691874019004425,0.4878048780487805,0.7435897435897436,0.0,1.0,1.0,0.0,0.0,1.0,0.0,0.0,1.0,1.0,0.0,1.0,0.0,0.0,1.0,
376,0.37946496527161394,0.5053650072601575,0.17073170731707316,0.6153846153846154,1.0,1.0,1.0,0.0,0.0,1.0,0.0,0.0,1.0,1.0,0.0,0.0,0.0,1.0,0.0,
377,0.5998243861424897,0.551345406788148,0.6048780487804878,0.7435897435897436,0.0,1.0,1.0,1.0,0.0,0.0,0.0,1.0,0.0,1.0,0.0,1.0,0.0,0.0,1.0,
378,0.44563528913593625,0.6576896623665773,0.3170731707317073,0.358974358974359,0.0,1.0,1.0,1.0,0.0,0.0,0.0,1.0,0.0,1.0,0.0,1.0,0.0,0.0,0.0,
379,0.8528575474590872,0.0,0.28780487804878047,0.7435897435897436,1.0,1.0,0.0,1.0,0.0,0.0,0.0,1.0,0.0,0.0,1.0,0.0,1.0,0.0,0.0,
380,0.5913786668765146,0.0,0.3463414634146341,0.7435897435897436,1.0,1.0,1.0,0.0,0.0,1.0,0.0,1.0,0.0,1.0,0.0,0.0,1.0,0.0,0.0,
381,0.6324197027235265,0.0,0.4536585365853658,0.7435897435897436,1.0,1.0,1.0,1.0,0.0,0.0,0.0,1.0,0.0,1.0,0.0,0.0,0.0,1.0,0.0,
382,0.5768234604265818,0.6712843643139029,0.7219512195121951,0.7435897435897436,1.0,1.0,1.0,1.0,0.0,0.0,0.0,1.0,0.0,1.0,0.0,0.0,0.0,1.0,1.0,
383,0.6371963815168282,0.0,0.5414634146341464,0.7435897435897436,1.0,1.0,0.0,0.0,0.0,1.0,0.0,1.0,0.0,1.0,0.0,1.0,0.0,0.0,0.0,
384,0.9372635035136616,0.0,0.6585365853658537,0.7435897435897436,1.0,1.0,1.0,1.0,0.0,0.0,0.0,1.0,0.0,1.0,0.0,0.0,1.0,0.0,1.0,
385,0.39595415137308193,0.8462801794207027,0.6585365853658537,0.7435897435897436,1.0,1.0,1.0,1.0,0.0,0.0,0.0,1.0,0.0,0.0,1.0,0.0,1.0,0.0,0.0,
386,0.8979736595266117,0.0,0.5024390243902439,0.358974358974359,1.0,1.0,1.0,0.0,0.0,0.0,1.0,1.0,0.0,1.0,0.0,0.0,0.0,1.0,0.0,
387,0.5058636457920234,0.6195097393401854,0.624390243902439,0.7435897435897436,1.0,1.0,1.0,1.0,0.0,0.0,0.0,1.0,0.0,1.0,0.0,1.0,0.0,0.0,0.0,
388,0.7090978580392573,0.0,0.5219512195121951,0.7435897435897436,1.0,0.0,0.0,0.0,1.0,0.0,0.0,0.0,1.0,1.0,0.0,0.0,1.0,0.0,0.0,
389,0.6201180217595463,0.0,0.35609756097560974,0.7435897435897436,0.0,1.0,0.0,1.0,0.0,0.0,0.0,1.0,0.0,1.0,0.0,0.0,1.0,0.0,1.0,
390,0.77326016883032,0.0,0.5609756097560976,0.7435897435897436,1.0,1.0,0.0,1.0,0.0,0.0,0.0,1.0,0.0,1.0,0.0,1.0,0.0,0.0,0.0,
391,0.4984794762737362,0.5402579178377243,0.21951219512195125,0.358974358974359,0.0,1.0,1.0,0.0,0.0,0.0,1.0,0.0,1.0,1.0,0.0,0.0,0.0,1.0,1.0,
392,0.026607593127489587,0.7153073606793536,0.35609756097560974,0.7435897435897436,1.0,0.0,1.0,0.0,0.0,1.0,0.0,0.0,1.0,1.0,0.0,0.0,1.0,0.0,0.0,
393,0.6353072318316693,0.6556863386071337,0.41463414634146345,0.7435897435897436,1.0,1.0,1.0,1.0,0.0,0.0,0.0,1.0,0.0,1.0,0.0,0.0,0.0,1.0,1.0,
394,0.5512507895931873,0.6038814986483297,0.6682926829268293,0.7435897435897436,1.0,1.0,1.0,0.0,1.0,0.0,0.0,1.0,0.0,0.0,1.0,0.0,1.0,0.0,0.0,
395,0.4655272494158457,0.5129441829121092,0.4292682926829269,0.358974358974359,0.0,1.0,1.0,0.0,1.0,0.0,0.0,0.0,1.0,1.0,0.0,1.0,0.0,0.0,1.0,
396,0.6669118569308063,0.0,0.36585365853658536,0.7435897435897436,1.0,1.0,1.0,0.0,0.0,0.0,1.0,1.0,0.0,1.0,0.0,0.0,1.0,0.0,0.0,
397,0.447654519083237,0.0,0.33170731707317075,0.7435897435897436,1.0,0.0,0.0,1.0,0.0,0.0,0.0,1.0,0.0,0.0,1.0,0.0,0.0,1.0,0.0,
398,0.7367120802706861,0.9029371861774623,0.6682926829268293,0.7435897435897436,1.0,1.0,0.0,0.0,0.0,1.0,0.0,1.0,0.0,1.0,0.0,1.0,0.0,0.0,0.0,
399,0.8253607971033476,0.5540430403683453,1.0,0.6153846153846154,1.0,1.0,1.0,0.0,0.0,1.0,0.0,1.0,0.0,1.0,0.0,0.0,1.0,0.0,0.0,
400,0.4903462908571002,0.5730300559391693,0.5219512195121951,0.7435897435897436,0.0,1.0,1.0,0.0,0.0,1.0,0.0,1.0,0.0,1.0,0.0,0.0,1.0,0.0,1.0,
401,0.4984794762737362,0.5302628976006425,0.5922544495715227,0.7435897435897436,1.0,1.0,1.0,0.0,0.0,1.0,0.0,1.0,0.0,1.0,0.0,0.0,0.0,1.0,1.0,
402,0.6368368953107513,0.0,0.6292682926829268,0.7435897435897436,1.0,0.0,0.0,1.0,0.0,0.0,0.0,0.0,1.0,1.0,0.0,1.0,0.0,0.0,0.0,
403,0.5144450895025483,0.0,0.4292682926829269,0.7435897435897436,1.0,1.0,1.0,0.0,0.0,0.0,1.0,0.0,1.0,1.0,0.0,1.0,0.0,0.0,0.0,
404,0.39595415137308193,0.7433267404345681,0.5024390243902439,0.7435897435897436,1.0,1.0,1.0,1.0,0.0,0.0,0.0,1.0,0.0,1.0,0.0,0.0,1.0,0.0,0.0,
405,0.37946496527161394,0.6536768752894622,0.5170731707317073,0.7435897435897436,1.0,1.0,1.0,0.0,1.0,0.0,0.0,0.0,1.0,1.0,0.0,1.0,0.0,0.0,0.0,
406,0.5609739600670591,0.0,0.2682926829268293,0.7435897435897436,0.0,1.0,0.0,0.0,0.0,1.0,0.0,1.0,0.0,1.0,0.0,1.0,0.0,0.0,1.0,
407,0.6575085796789246,0.6044621540696392,0.6585365853658537,0.7435897435897436,1.0,1.0,1.0,0.0,0.0,1.0,0.0,1.0,0.0,0.0,1.0,0.0,1.0,0.0,0.0,
408,0.4398963209706292,0.0,0.24390243902439024,0.7435897435897436,1.0,1.0,0.0,1.0,0.0,0.0,0.0,1.0,0.0,1.0,0.0,0.0,0.0,1.0,1.0,
409,0.4707993715033035,0.6989354673938976,0.3463414634146341,0.7435897435897436,1.0,1.0,0.0,1.0,0.0,0.0,0.0,0.0,1.0,1.0,0.0,0.0,1.0,0.0,0.0,
410,0.7207040427450879,0.44540571171310994,0.7853658536585366,0.7435897435897436,1.0,1.0,1.0,0.0,1.0,0.0,0.0,0.0,1.0,1.0,0.0,0.0,0.0,1.0,0.0,
411,0.5751663770396833,0.0,0.41463414634146345,0.7435897435897436,1.0,1.0,0.0,1.0,0.0,0.0,0.0,0.0,1.0,1.0,0.0,1.0,0.0,0.0,0.0,
412,0.5659339821455207,0.6151054174842618,0.4585365853658536,0.7435897435897436,0.0,1.0,1.0,1.0,0.0,0.0,0.0,1.0,0.0,1.0,0.0,1.0,0.0,0.0,1.0,
413,0.5386198738626211,0.40018413583184265,0.3902439024390244,0.15384615384615388,1.0,0.0,1.0,0.0,1.0,0.0,0.0,1.0,0.0,1.0,0.0,0.0,1.0,0.0,0.0,
414,0.45939585343739314,0.5460707824276576,0.4,0.7435897435897436,1.0,1.0,1.0,1.0,0.0,0.0,0.0,0.0,1.0,1.0,0.0,1.0,0.0,0.0,0.0,
415,0.6611784391440649,0.7079125305083446,0.41951219512195126,0.0,1.0,1.0,1.0,1.0,0.0,0.0,0.0,1.0,0.0,1.0,0.0,0.0,0.0,1.0,0.0,
416,0.49277509510473044,0.0,0.34146341463414637,0.7435897435897436,1.0,1.0,1.0,0.0,1.0,0.0,0.0,1.0,0.0,0.0,1.0,0.0,1.0,0.0,0.0,
417,0.7946715509388507,0.8801141671409711,0.8975609756097561,0.7435897435897436,0.0,1.0,0.0,1.0,0.0,0.0,0.0,1.0,0.0,1.0,0.0,1.0,0.0,0.0,1.0,
418,0.15592029670162105,0.8037580561367774,0.4292682926829269,1.0000000000000002,1.0,0.0,0.0,1.0,0.0,0.0,0.0,1.0,0.0,1.0,0.0,1.0,0.0,0.0,0.0,
419,0.5212306916080682,0.0,0.36585365853658536,0.7435897435897436,1.0,0.0,0.0,1.0,0.0,0.0,0.0,1.0,0.0,1.0,0.0,0.0,1.0,0.0,0.0,
420,0.6818367369204754,0.9932238406393866,0.8926829268292683,0.7435897435897436,1.0,1.0,1.0,0.0,0.0,1.0,0.0,1.0,0.0,1.0,0.0,0.0,1.0,0.0,0.0,
421,0.6093875141886347,0.9643714422086663,0.551219512195122,0.7435897435897436,1.0,1.0,1.0,0.0,1.0,0.0,0.0,0.0,1.0,1.0,0.0,1.0,0.0,0.0,1.0,
422,0.5870712842611305,0.5100292166034802,0.48292682926829267,0.6153846153846154,1.0,1.0,1.0,1.0,0.0,0.0,0.0,0.0,1.0,1.0,0.0,0.0,1.0,0.0,0.0,
423,0.5645486698497035,0.0,0.3463414634146341,0.7435897435897436,1.0,1.0,0.0,1.0,0.0,0.0,0.0,1.0,0.0,1.0,0.0,0.0,0.0,1.0,1.0,
424,0.4451591725446418,0.7269826485330985,0.7951219512195122,0.7435897435897436,1.0,1.0,1.0,1.0,0.0,0.0,0.0,1.0,0.0,0.0,1.0,0.0,0.0,1.0,0.0,
425,0.5660328297777799,0.47513142228664756,0.36585365853658536,0.7435897435897436,1.0,1.0,0.0,1.0,0.0,0.0,0.0,0.0,1.0,1.0,0.0,1.0,0.0,0.0,1.0,
426,0.5341849665599541,0.5974570446395627,0.6,0.7435897435897436,1.0,1.0,1.0,0.0,0.0,1.0,0.0,1.0,0.0,1.0,0.0,0.0,0.0,1.0,0.0,
427,0.5528639384693834,0.7754340835245753,0.6097560975609756,0.7435897435897436,1.0,1.0,1.0,0.0,0.0,0.0,1.0,1.0,0.0,1.0,0.0,1.0,0.0,0.0,0.0,
428,0.3891564584414123,0.5350379121560527,0.4292682926829269,1.0000000000000002,1.0,0.0,1.0,0.0,0.0,1.0,0.0,1.0,0.0,1.0,0.0,0.0,1.0,0.0,0.0,
429,0.5122033032184024,0.5619021994440364,0.47804878048780486,0.7435897435897436,0.0,1.0,1.0,1.0,0.0,0.0,0.0,0.0,1.0,1.0,0.0,0.0,1.0,0.0,1.0,
430,0.6662190547900919,0.5795739654321705,0.7804878048780488,0.7435897435897436,1.0,1.0,0.0,1.0,0.0,0.0,0.0,1.0,0.0,1.0,0.0,0.0,1.0,0.0,1.0,
431,0.5461854416822063,0.0,0.34146341463414637,0.7435897435897436,1.0,0.0,0.0,1.0,0.0,0.0,0.0,0.0,1.0,1.0,0.0,1.0,0.0,0.0,1.0,
432,0.40993312893974293,0.5527752056623819,0.0975609756097561,0.7435897435897436,1.0,1.0,1.0,0.0,0.0,1.0,0.0,0.0,1.0,1.0,0.0,0.0,1.0,0.0,0.0,
433,0.447654519083237,0.0,0.14634146341463417,0.7435897435897436,1.0,1.0,0.0,1.0,0.0,0.0,0.0,1.0,0.0,1.0,0.0,0.0,1.0,0.0,0.0,
434,0.7481956079527952,0.4997806921250698,0.36585365853658536,0.7435897435897436,1.0,1.0,1.0,0.0,0.0,0.0,1.0,1.0,0.0,0.0,1.0,1.0,0.0,0.0,0.0,
435,0.6659591014406379,0.6050422522396796,0.5922544495715227,0.7435897435897436,1.0,1.0,0.0,1.0,0.0,0.0,0.0,1.0,0.0,1.0,0.0,0.0,1.0,0.0,1.0,
436,0.5833176199317689,0.0,0.41463414634146345,0.7435897435897436,1.0,1.0,1.0,1.0,0.0,0.0,0.0,1.0,0.0,1.0,0.0,0.0,1.0,0.0,0.0,
437,0.7167983088083143,0.500832494113698,0.6634146341463415,0.7435897435897436,0.0,1.0,1.0,0.0,1.0,0.0,0.0,0.0,1.0,1.0,0.0,0.0,1.0,0.0,0.0,
438,0.4685127092829631,0.4778922324038824,0.33658536585365856,0.7435897435897436,1.0,1.0,0.0,0.0,1.0,0.0,0.0,0.0,1.0,1.0,0.0,0.0,1.0,0.0,0.0,
439,0.8313541320745776,0.0,0.5121951219512195,0.7435897435897436,1.0,1.0,0.0,1.0,0.0,0.0,0.0,0.0,1.0,1.0,0.0,0.0,1.0,0.0,0.0,
440,0.23440301225227134,0.9822133309719576,0.9317073170731708,0.7435897435897436,1.0,1.0,1.0,1.0,0.0,0.0,0.0,1.0,0.0,1.0,0.0,1.0,0.0,0.0,0.0,
441,0.6306095396367932,0.0,0.36585365853658536,0.7435897435897436,1.0,1.0,1.0,0.0,0.0,0.0,1.0,1.0,0.0,1.0,0.0,0.0,0.0,1.0,0.0,
442,0.5650437344105279,0.0,0.41463414634146345,0.7435897435897436,0.0,1.0,0.0,0.0,0.0,1.0,0.0,1.0,0.0,1.0,0.0,1.0,0.0,0.0,1.0,
443,0.4535539661154833,0.598483729897282,0.4926829268292683,0.7435897435897436,1.0,1.0,0.0,1.0,0.0,0.0,0.0,0.0,1.0,1.0,0.0,1.0,0.0,0.0,0.0,
444,0.5679083315493831,0.0,0.4,0.7435897435897436,1.0,1.0,0.0,0.0,0.0,1.0,0.0,1.0,0.0,1.0,0.0,0.0,1.0,0.0,0.0,
445,0.4951946881351658,0.3066245150493646,0.2,0.7435897435897436,1.0,1.0,1.0,1.0,0.0,0.0,0.0,0.0,1.0,1.0,0.0,1.0,0.0,0.0,1.0,
446,0.804641447460652,0.0,0.6439024390243903,0.358974358974359,1.0,1.0,1.0,0.0,0.0,0.0,1.0,1.0,0.0,1.0,0.0,1.0,0.0,0.0,0.0,
447,0.6596950354484079,0.7064242754693959,0.5609756097560976,0.358974358974359,1.0,0.0,1.0,0.0,1.0,0.0,0.0,1.0,0.0,1.0,0.0,0.0,1.0,0.0,0.0,
448,0.40305231325967456,0.0,0.36097560975609755,0.7435897435897436,0.0,0.0,0.0,1.0,0.0,0.0,0.0,1.0,0.0,1.0,0.0,0.0,1.0,0.0,1.0,
449,0.5713503535152609,0.0,0.34146341463414637,0.7435897435897436,1.0,0.0,0.0,0.0,1.0,0.0,0.0,1.0,0.0,1.0,0.0,0.0,1.0,0.0,0.0,
450,0.4158533068758307,0.6653790992575733,0.5024390243902439,0.7435897435897436,1.0,1.0,1.0,0.0,1.0,0.0,0.0,0.0,1.0,1.0,0.0,0.0,0.0,1.0,0.0,
451,0.5060795598919725,0.34102109432445693,0.375609756097561,0.7435897435897436,1.0,0.0,1.0,1.0,0.0,0.0,0.0,0.0,1.0,1.0,0.0,0.0,1.0,0.0,0.0,
452,0.4786240206101425,0.5848463518039441,0.6341463414634146,0.7435897435897436,1.0,1.0,1.0,1.0,0.0,0.0,0.0,1.0,0.0,1.0,0.0,1.0,0.0,0.0,0.0,
453,0.5419016932102567,0.0,0.2682926829268293,0.05128205128205128,1.0,1.0,0.0,1.0,0.0,0.0,0.0,0.0,1.0,1.0,0.0,0.0,1.0,0.0,1.0,
454,0.4507295198445819,0.5592424775943204,0.5853658536585366,0.7435897435897436,1.0,1.0,0.0,1.0,0.0,0.0,0.0,1.0,0.0,1.0,0.0,1.0,0.0,0.0,0.0,
455,0.6932333829549235,0.0,0.3804878048780488,0.7435897435897436,0.0,0.0,0.0,1.0,0.0,0.0,0.0,1.0,0.0,1.0,0.0,0.0,1.0,0.0,1.0,
456,0.4805368104771723,0.5946613923476545,0.41463414634146345,0.7435897435897436,1.0,1.0,1.0,1.0,0.0,0.0,0.0,1.0,0.0,1.0,0.0,1.0,0.0,0.0,0.0,
457,0.8204956732245781,0.0,0.5922544495715227,0.7435897435897436,0.0,1.0,1.0,0.0,0.0,1.0,0.0,1.0,0.0,0.0,1.0,1.0,0.0,0.0,1.0,
458,0.44670515126234484,0.64544060925361,0.5922544495715227,0.7435897435897436,1.0,1.0,1.0,0.0,1.0,0.0,0.0,0.0,1.0,1.0,0.0,1.0,0.0,0.0,0.0,
459,0.5393391162295542,0.7550333935422798,0.6487804878048781,0.7435897435897436,1.0,1.0,1.0,0.0,1.0,0.0,0.0,1.0,0.0,1.0,0.0,0.0,0.0,1.0,0.0,
460,0.44217470050674973,0.6397080986666785,0.7609756097560976,0.7435897435897436,0.0,1.0,1.0,1.0,0.0,0.0,0.0,0.0,1.0,1.0,0.0,0.0,0.0,1.0,1.0,
461,0.5655384541467086,0.8650374406486162,0.5219512195121951,0.358974358974359,0.0,1.0,1.0,1.0,0.0,0.0,0.0,1.0,0.0,1.0,0.0,1.0,0.0,0.0,1.0,
462,0.731595649076352,0.4254654786595024,0.004878048780487809,0.7435897435897436,1.0,1.0,1.0,0.0,1.0,0.0,0.0,1.0,0.0,1.0,0.0,0.0,1.0,0.0,0.0,
463,0.4671366133497527,0.5338892325960373,0.28780487804878047,0.7435897435897436,1.0,0.0,0.0,1.0,0.0,0.0,0.0,1.0,0.0,1.0,0.0,0.0,0.0,1.0,0.0,
464,0.5940461498952585,0.684224729230983,0.6682926829268293,0.7435897435897436,1.0,1.0,1.0,1.0,0.0,0.0,0.0,1.0,0.0,1.0,0.0,0.0,1.0,0.0,0.0,
465,0.6214029257185725,0.6359956291309212,0.7658536585365854,0.7435897435897436,1.0,0.0,1.0,1.0,0.0,0.0,0.0,1.0,0.0,1.0,0.0,0.0,1.0,0.0,0.0,
466,0.5736032796042265,0.20603080646281333,0.40487804878048783,0.7435897435897436,1.0,1.0,1.0,0.0,0.0,1.0,0.0,0.0,1.0,1.0,0.0,0.0,1.0,0.0,0.0,
467,0.7673475227138908,0.6002396761544757,0.9073170731707317,0.7435897435897436,1.0,1.0,1.0,1.0,0.0,0.0,0.0,1.0,0.0,1.0,0.0,1.0,0.0,0.0,0.0,
468,0.7578223386997087,0.0,0.5219512195121951,0.7435897435897436,1.0,1.0,0.0,1.0,0.0,0.0,0.0,0.0,1.0,0.0,1.0,0.0,1.0,0.0,0.0,
469,0.6472844985232513,0.0,0.46341463414634143,0.7435897435897436,1.0,1.0,1.0,1.0,0.0,0.0,0.0,0.0,1.0,1.0,0.0,1.0,0.0,0.0,0.0,
470,0.5393391162295542,0.0,0.21951219512195125,0.7435897435897436,1.0,1.0,0.0,1.0,0.0,0.0,0.0,1.0,0.0,1.0,0.0,0.0,0.0,1.0,0.0,
471,0.5461854416822063,0.6622080926508567,0.47804878048780486,0.7435897435897436,0.0,1.0,1.0,0.0,0.0,0.0,1.0,1.0,0.0,1.0,0.0,1.0,0.0,0.0,1.0,
472,0.5219686799658185,0.6016990502418289,0.3853658536585366,0.7435897435897436,0.0,1.0,1.0,1.0,0.0,0.0,0.0,1.0,0.0,1.0,0.0,0.0,0.0,1.0,1.0,
473,0.5479118132744245,0.5540430403683453,0.7853658536585366,0.7435897435897436,1.0,1.0,1.0,0.0,1.0,0.0,0.0,1.0,0.0,1.0,0.0,0.0,0.0,1.0,0.0,
474,0.7029037372677571,0.5044965326413201,0.6829268292682927,0.7435897435897436,0.0,1.0,1.0,1.0,0.0,0.0,0.0,1.0,0.0,1.0,0.0,0.0,0.0,1.0,1.0,
475,0.7827784072316921,0.5338892325960373,0.7902439024390244,1.0000000000000002,1.0,1.0,1.0,0.0,0.0,1.0,0.0,0.0,1.0,1.0,0.0,0.0,1.0,0.0,1.0,
476,0.803826969057468,0.0,0.6097560975609756,0.7435897435897436,1.0,1.0,1.0,0.0,0.0,0.0,1.0,1.0,0.0,1.0,0.0,0.0,1.0,0.0,1.0,
477,0.5212306916080682,0.2843642145033187,0.40487804878048783,0.15384615384615388,1.0,1.0,1.0,0.0,0.0,1.0,0.0,1.0,0.0,1.0,0.0,0.0,0.0,1.0,0.0,
478,0.5135919751537477,0.6226164864886734,0.5414634146341464,0.7435897435897436,0.0,1.0,1.0,1.0,0.0,0.0,0.0,1.0,0.0,1.0,0.0,0.0,1.0,0.0,1.0,
479,0.5285742030229621,0.6931392556437964,0.41463414634146345,0.7435897435897436,1.0,1.0,0.0,1.0,0.0,0.0,0.0,1.0,0.0,1.0,0.0,0.0,0.0,1.0,0.0,
480,0.35532821174652157,0.6257078082920625,0.4,0.7435897435897436,1.0,1.0,1.0,0.0,1.0,0.0,0.0,1.0,0.0,1.0,0.0,1.0,0.0,0.0,0.0,
481,0.5236524529516962,0.7153073606793536,0.6634146341463415,0.7435897435897436,1.0,1.0,0.0,1.0,0.0,0.0,0.0,1.0,0.0,1.0,0.0,0.0,0.0,1.0,0.0,
482,0.8137016820641896,0.0,0.8780487804878049,0.7435897435897436,1.0,1.0,1.0,0.0,0.0,1.0,0.0,1.0,0.0,1.0,0.0,0.0,1.0,0.0,0.0,
483,0.5219686799658185,0.0,0.053658536585365846,0.7435897435897436,1.0,0.0,1.0,1.0,0.0,0.0,0.0,1.0,0.0,1.0,0.0,0.0,1.0,0.0,0.0,
484,0.3689078269466021,0.0,0.17560975609756097,0.7435897435897436,1.0,1.0,1.0,0.0,1.0,0.0,0.0,1.0,0.0,1.0,0.0,1.0,0.0,0.0,1.0,
485,0.4807614603193349,0.5798765360429309,0.5902439024390244,0.7435897435897436,0.0,1.0,1.0,0.0,1.0,0.0,0.0,1.0,0.0,1.0,0.0,1.0,0.0,0.0,1.0,
486,0.6307907459558224,0.7254126202146904,0.7170731707317073,0.15384615384615388,1.0,1.0,1.0,0.0,1.0,0.0,0.0,1.0,0.0,1.0,0.0,1.0,0.0,0.0,1.0,
487,0.4230740520041832,0.5166920813149041,0.3853658536585366,0.7435897435897436,1.0,1.0,1.0,1.0,0.0,0.0,0.0,1.0,0.0,1.0,0.0,0.0,0.0,1.0,0.0,
488,0.40650344785729936,0.0,0.21951219512195125,0.7435897435897436,1.0,0.0,0.0,1.0,0.0,0.0,0.0,0.0,1.0,1.0,0.0,0.0,1.0,0.0,0.0,
489,0.6720031348188937,0.0,0.33658536585365856,0.7435897435897436,1.0,1.0,0.0,1.0,0.0,0.0,0.0,1.0,0.0,1.0,0.0,0.0,1.0,0.0,0.0,
490,0.47387296838294907,0.0,0.3951219512195122,0.7435897435897436,0.0,1.0,1.0,0.0,0.0,1.0,0.0,1.0,0.0,0.0,1.0,0.0,1.0,0.0,1.0,
491,0.5042420020522937,0.7740756578095781,0.15121951219512197,0.358974358974359,1.0,1.0,1.0,1.0,0.0,0.0,0.0,1.0,0.0,1.0,0.0,0.0,1.0,0.0,0.0,
492,0.77326016883032,0.0,0.8780487804878049,0.4871794871794872,1.0,1.0,1.0,0.0,0.0,1.0,0.0,1.0,0.0,0.0,1.0,0.0,1.0,0.0,1.0,
493,0.5913786668765146,0.760819174655461,0.5707317073170731,0.358974358974359,1.0,1.0,1.0,1.0,0.0,0.0,0.0,1.0,0.0,1.0,0.0,1.0,0.0,0.0,0.0,
494,0.5888930396379983,0.0,0.41463414634146345,0.7435897435897436,1.0,1.0,0.0,1.0,0.0,0.0,0.0,0.0,1.0,1.0,0.0,1.0,0.0,0.0,0.0,
495,0.8021217059872281,0.41881717155450326,0.7902439024390244,0.7435897435897436,1.0,1.0,1.0,0.0,0.0,1.0,0.0,0.0,1.0,0.0,1.0,1.0,0.0,0.0,1.0,
496,0.5028332951316166,0.0,0.3073170731707317,0.7435897435897436,0.0,1.0,0.0,1.0,0.0,0.0,0.0,1.0,0.0,1.0,0.0,0.0,1.0,0.0,1.0,
497,0.7562640154619875,0.0,0.8146341463414634,0.7435897435897436,1.0,1.0,1.0,0.0,0.0,1.0,0.0,1.0,0.0,1.0,0.0,0.0,0.0,1.0,0.0,
498,0.49266489553575693,0.6998132910594429,0.6341463414634146,0.7435897435897436,1.0,1.0,1.0,1.0,0.0,0.0,0.0,0.0,1.0,1.0,0.0,1.0,0.0,0.0,0.0,
499,0.750239152782312,0.0,0.5024390243902439,0.7435897435897436,1.0,1.0,1.0,0.0,0.0,0.0,1.0,1.0,0.0,1.0,0.0,0.0,0.0,1.0,0.0,
500,0.5737010727594727,0.868578751487463,0.7170731707317073,0.7435897435897436,1.0,1.0,0.0,1.0,0.0,0.0,0.0,1.0,0.0,1.0,0.0,1.0,0.0,0.0,0.0,
501,0.4356759141238939,0.8164249678432637,0.5922544495715227,0.358974358974359,1.0,1.0,1.0,1.0,0.0,0.0,0.0,0.0,1.0,1.0,0.0,0.0,0.0,1.0,1.0,
502,0.5461854416822063,0.6622080926508567,0.7219512195121951,0.7435897435897436,1.0,1.0,1.0,0.0,1.0,0.0,0.0,1.0,0.0,1.0,0.0,0.0,1.0,0.0,0.0,
503,0.6034952993958045,0.49749415928185325,0.6439024390243903,0.7435897435897436,1.0,1.0,1.0,0.0,0.0,1.0,0.0,0.0,1.0,1.0,0.0,1.0,0.0,0.0,0.0,
504,0.5288871372488573,0.5848463518039441,0.40487804878048783,0.7435897435897436,1.0,1.0,1.0,1.0,0.0,0.0,0.0,1.0,0.0,1.0,0.0,1.0,0.0,0.0,0.0,
505,0.4933258076801324,0.0,0.224390243902439,0.7435897435897436,1.0,0.0,0.0,1.0,0.0,0.0,0.0,1.0,0.0,1.0,0.0,1.0,0.0,0.0,0.0,
506,0.6145866797443382,0.0,0.07317073170731708,0.358974358974359,1.0,1.0,1.0,0.0,0.0,0.0,1.0,1.0,0.0,1.0,0.0,1.0,0.0,0.0,0.0,
507,0.8873392074138142,0.0,0.7902439024390244,0.7435897435897436,1.0,1.0,1.0,0.0,0.0,1.0,0.0,1.0,0.0,1.0,0.0,0.0,0.0,1.0,0.0,
508,0.6575085796789246,0.0,0.526829268292683,0.7435897435897436,0.0,0.0,0.0,1.0,0.0,0.0,0.0,1.0,0.0,0.0,1.0,0.0,1.0,0.0,1.0,
0,,,,,,,,,,,,,,,,,,,,1.0
1,,,,,,,,,,,,,,,,,,,,0.0
2,,,,,,,,,,,,,,,,,,,,1.0
3,,,,,,,,,,,,,,,,,,,,1.0
4,,,,,,,,,,,,,,,,,,,,1.0
5,,,,,,,,,,,,,,,,,,,,1.0
6,,,,,,,,,,,,,,,,,,,,0.0
7,,,,,,,,,,,,,,,,,,,,1.0
8,,,,,,,,,,,,,,,,,,,,1.0
9,,,,,,,,,,,,,,,,,,,,1.0
10,,,,,,,,,,,,,,,,,,,,0.0
11,,,,,,,,,,,,,,,,,,,,1.0
12,,,,,,,,,,,,,,,,,,,,1.0
13,,,,,,,,,,,,,,,,,,,,0.0
14,,,,,,,,,,,,,,,,,,,,0.0
15,,,,,,,,,,,,,,,,,,,,1.0
16,,,,,,,,,,,,,,,,,,,,0.0
17,,,,,,,,,,,,,,,,,,,,0.0
18,,,,,,,,,,,,,,,,,,,,0.0
19,,,,,,,,,,,,,,,,,,,,0.0
20,,,,,,,,,,,,,,,,,,,,1.0
21,,,,,,,,,,,,,,,,,,,,1.0
22,,,,,,,,,,,,,,,,,,,,0.0
23,,,,,,,,,,,,,,,,,,,,1.0
24,,,,,,,,,,,,,,,,,,,,0.0
25,,,,,,,,,,,,,,,,,,,,0.0
26,,,,,,,,,,,,,,,,,,,,0.0
27,,,,,,,,,,,,,,,,,,,,1.0
28,,,,,,,,,,,,,,,,,,,,1.0
29,,,,,,,,,,,,,,,,,,,,0.0
30,,,,,,,,,,,,,,,,,,,,1.0
31,,,,,,,,,,,,,,,,,,,,1.0
32,,,,,,,,,,,,,,,,,,,,0.0
33,,,,,,,,,,,,,,,,,,,,1.0
34,,,,,,,,,,,,,,,,,,,,1.0
35,,,,,,,,,,,,,,,,,,,,1.0
36,,,,,,,,,,,,,,,,,,,,1.0
37,,,,,,,,,,,,,,,,,,,,1.0
38,,,,,,,,,,,,,,,,,,,,1.0
39,,,,,,,,,,,,,,,,,,,,1.0
40,,,,,,,,,,,,,,,,,,,,0.0
41,,,,,,,,,,,,,,,,,,,,1.0
42,,,,,,,,,,,,,,,,,,,,1.0
43,,,,,,,,,,,,,,,,,,,,1.0
44,,,,,,,,,,,,,,,,,,,,0.0
45,,,,,,,,,,,,,,,,,,,,0.0
46,,,,,,,,,,,,,,,,,,,,1.0
47,,,,,,,,,,,,,,,,,,,,1.0
48,,,,,,,,,,,,,,,,,,,,0.0
49,,,,,,,,,,,,,,,,,,,,1.0
50,,,,,,,,,,,,,,,,,,,,1.0
51,,,,,,,,,,,,,,,,,,,,1.0
52,,,,,,,,,,,,,,,,,,,,1.0
53,,,,,,,,,,,,,,,,,,,,0.0
54,,,,,,,,,,,,,,,,,,,,0.0
55,,,,,,,,,,,,,,,,,,,,0.0
56,,,,,,,,,,,,,,,,,,,,0.0
57,,,,,,,,,,,,,,,,,,,,1.0
58,,,,,,,,,,,,,,,,,,,,0.0
59,,,,,,,,,,,,,,,,,,,,1.0
60,,,,,,,,,,,,,,,,,,,,1.0
61,,,,,,,,,,,,,,,,,,,,1.0
62,,,,,,,,,,,,,,,,,,,,0.0
63,,,,,,,,,,,,,,,,,,,,1.0
64,,,,,,,,,,,,,,,,,,,,0.0
65,,,,,,,,,,,,,,,,,,,,0.0
66,,,,,,,,,,,,,,,,,,,,0.0
67,,,,,,,,,,,,,,,,,,,,0.0
68,,,,,,,,,,,,,,,,,,,,1.0
69,,,,,,,,,,,,,,,,,,,,1.0
70,,,,,,,,,,,,,,,,,,,,1.0
71,,,,,,,,,,,,,,,,,,,,0.0
72,,,,,,,,,,,,,,,,,,,,1.0
73,,,,,,,,,,,,,,,,,,,,1.0
74,,,,,,,,,,,,,,,,,,,,1.0
75,,,,,,,,,,,,,,,,,,,,1.0
76,,,,,,,,,,,,,,,,,,,,1.0
77,,,,,,,,,,,,,,,,,,,,1.0
78,,,,,,,,,,,,,,,,,,,,1.0
79,,,,,,,,,,,,,,,,,,,,1.0
80,,,,,,,,,,,,,,,,,,,,1.0
81,,,,,,,,,,,,,,,,,,,,1.0
82,,,,,,,,,,,,,,,,,,,,1.0
83,,,,,,,,,,,,,,,,,,,,0.0
84,,,,,,,,,,,,,,,,,,,,1.0
85,,,,,,,,,,,,,,,,,,,,1.0
86,,,,,,,,,,,,,,,,,,,,1.0
87,,,,,,,,,,,,,,,,,,,,1.0
88,,,,,,,,,,,,,,,,,,,,1.0
89,,,,,,,,,,,,,,,,,,,,1.0
90,,,,,,,,,,,,,,,,,,,,1.0
91,,,,,,,,,,,,,,,,,,,,1.0
92,,,,,,,,,,,,,,,,,,,,1.0
93,,,,,,,,,,,,,,,,,,,,0.0
94,,,,,,,,,,,,,,,,,,,,0.0
95,,,,,,,,,,,,,,,,,,,,1.0
96,,,,,,,,,,,,,,,,,,,,1.0
97,,,,,,,,,,,,,,,,,,,,1.0
98,,,,,,,,,,,,,,,,,,,,0.0
99,,,,,,,,,,,,,,,,,,,,1.0
100,,,,,,,,,,,,,,,,,,,,1.0
101,,,,,,,,,,,,,,,,,,,,1.0
102,,,,,,,,,,,,,,,,,,,,1.0
103,,,,,,,,,,,,,,,,,,,,0.0
104,,,,,,,,,,,,,,,,,,,,1.0
105,,,,,,,,,,,,,,,,,,,,1.0
106,,,,,,,,,,,,,,,,,,,,1.0
107,,,,,,,,,,,,,,,,,,,,1.0
108,,,,,,,,,,,,,,,,,,,,1.0
109,,,,,,,,,,,,,,,,,,,,1.0
110,,,,,,,,,,,,,,,,,,,,0.0
111,,,,,,,,,,,,,,,,,,,,1.0
112,,,,,,,,,,,,,,,,,,,,1.0
113,,,,,,,,,,,,,,,,,,,,1.0
114,,,,,,,,,,,,,,,,,,,,1.0
115,,,,,,,,,,,,,,,,,,,,0.0
116,,,,,,,,,,,,,,,,,,,,1.0
117,,,,,,,,,,,,,,,,,,,,0.0
118,,,,,,,,,,,,,,,,,,,,0.0
119,,,,,,,,,,,,,,,,,,,,1.0
120,,,,,,,,,,,,,,,,,,,,1.0
121,,,,,,,,,,,,,,,,,,,,1.0
122,,,,,,,,,,,,,,,,,,,,1.0
123,,,,,,,,,,,,,,,,,,,,1.0
124,,,,,,,,,,,,,,,,,,,,1.0
125,,,,,,,,,,,,,,,,,,,,0.0
126,,,,,,,,,,,,,,,,,,,,1.0
127,,,,,,,,,,,,,,,,,,,,0.0
128,,,,,,,,,,,,,,,,,,,,1.0
129,,,,,,,,,,,,,,,,,,,,1.0
130,,,,,,,,,,,,,,,,,,,,1.0
131,,,,,,,,,,,,,,,,,,,,1.0
132,,,,,,,,,,,,,,,,,,,,0.0
133,,,,,,,,,,,,,,,,,,,,1.0
134,,,,,,,,,,,,,,,,,,,,1.0
135,,,,,,,,,,,,,,,,,,,,1.0
136,,,,,,,,,,,,,,,,,,,,0.0
137,,,,,,,,,,,,,,,,,,,,1.0
138,,,,,,,,,,,,,,,,,,,,0.0
139,,,,,,,,,,,,,,,,,,,,1.0
140,,,,,,,,,,,,,,,,,,,,1.0
141,,,,,,,,,,,,,,,,,,,,0.0
142,,,,,,,,,,,,,,,,,,,,1.0
143,,,,,,,,,,,,,,,,,,,,0.0
144,,,,,,,,,,,,,,,,,,,,1.0
145,,,,,,,,,,,,,,,,,,,,1.0
146,,,,,,,,,,,,,,,,,,,,1.0
147,,,,,,,,,,,,,,,,,,,,0.0
148,,,,,,,,,,,,,,,,,,,,0.0
149,,,,,,,,,,,,,,,,,,,,1.0
150,,,,,,,,,,,,,,,,,,,,1.0
151,,,,,,,,,,,,,,,,,,,,0.0
152,,,,,,,,,,,,,,,,,,,,1.0
153,,,,,,,,,,,,,,,,,,,,1.0
154,,,,,,,,,,,,,,,,,,,,1.0
155,,,,,,,,,,,,,,,,,,,,1.0
156,,,,,,,,,,,,,,,,,,,,0.0
157,,,,,,,,,,,,,,,,,,,,1.0
158,,,,,,,,,,,,,,,,,,,,1.0
159,,,,,,,,,,,,,,,,,,,,0.0
160,,,,,,,,,,,,,,,,,,,,1.0
161,,,,,,,,,,,,,,,,,,,,1.0
162,,,,,,,,,,,,,,,,,,,,1.0
163,,,,,,,,,,,,,,,,,,,,1.0
164,,,,,,,,,,,,,,,,,,,,1.0
165,,,,,,,,,,,,,,,,,,,,0.0
166,,,,,,,,,,,,,,,,,,,,1.0
167,,,,,,,,,,,,,,,,,,,,1.0
168,,,,,,,,,,,,,,,,,,,,1.0
169,,,,,,,,,,,,,,,,,,,,1.0
170,,,,,,,,,,,,,,,,,,,,1.0
171,,,,,,,,,,,,,,,,,,,,1.0
172,,,,,,,,,,,,,,,,,,,,0.0
173,,,,,,,,,,,,,,,,,,,,0.0
174,,,,,,,,,,,,,,,,,,,,1.0
175,,,,,,,,,,,,,,,,,,,,1.0
176,,,,,,,,,,,,,,,,,,,,1.0
177,,,,,,,,,,,,,,,,,,,,0.0
178,,,,,,,,,,,,,,,,,,,,1.0
179,,,,,,,,,,,,,,,,,,,,0.0
180,,,,,,,,,,,,,,,,,,,,1.0
181,,,,,,,,,,,,,,,,,,,,0.0
182,,,,,,,,,,,,,,,,,,,,1.0
183,,,,,,,,,,,,,,,,,,,,1.0
184,,,,,,,,,,,,,,,,,,,,1.0
185,,,,,,,,,,,,,,,,,,,,1.0
186,,,,,,,,,,,,,,,,,,,,0.0
187,,,,,,,,,,,,,,,,,,,,0.0
188,,,,,,,,,,,,,,,,,,,,1.0
189,,,,,,,,,,,,,,,,,,,,1.0
190,,,,,,,,,,,,,,,,,,,,1.0
191,,,,,,,,,,,,,,,,,,,,1.0
192,,,,,,,,,,,,,,,,,,,,1.0
193,,,,,,,,,,,,,,,,,,,,1.0
194,,,,,,,,,,,,,,,,,,,,1.0
195,,,,,,,,,,,,,,,,,,,,1.0
196,,,,,,,,,,,,,,,,,,,,1.0
197,,,,,,,,,,,,,,,,,,,,1.0
198,,,,,,,,,,,,,,,,,,,,1.0
199,,,,,,,,,,,,,,,,,,,,1.0
200,,,,,,,,,,,,,,,,,,,,0.0
201,,,,,,,,,,,,,,,,,,,,1.0
202,,,,,,,,,,,,,,,,,,,,1.0
203,,,,,,,,,,,,,,,,,,,,1.0
204,,,,,,,,,,,,,,,,,,,,0.0
205,,,,,,,,,,,,,,,,,,,,1.0
206,,,,,,,,,,,,,,,,,,,,1.0
207,,,,,,,,,,,,,,,,,,,,1.0
208,,,,,,,,,,,,,,,,,,,,0.0
209,,,,,,,,,,,,,,,,,,,,0.0
210,,,,,,,,,,,,,,,,,,,,1.0
211,,,,,,,,,,,,,,,,,,,,0.0
212,,,,,,,,,,,,,,,,,,,,0.0
213,,,,,,,,,,,,,,,,,,,,0.0
214,,,,,,,,,,,,,,,,,,,,1.0
215,,,,,,,,,,,,,,,,,,,,0.0
216,,,,,,,,,,,,,,,,,,,,1.0
217,,,,,,,,,,,,,,,,,,,,1.0
218,,,,,,,,,,,,,,,,,,,,1.0
219,,,,,,,,,,,,,,,,,,,,1.0
220,,,,,,,,,,,,,,,,,,,,1.0
221,,,,,,,,,,,,,,,,,,,,0.0
222,,,,,,,,,,,,,,,,,,,,1.0
223,,,,,,,,,,,,,,,,,,,,1.0
224,,,,,,,,,,,,,,,,,,,,1.0
225,,,,,,,,,,,,,,,,,,,,1.0
226,,,,,,,,,,,,,,,,,,,,1.0
227,,,,,,,,,,,,,,,,,,,,1.0
228,,,,,,,,,,,,,,,,,,,,1.0
229,,,,,,,,,,,,,,,,,,,,1.0
230,,,,,,,,,,,,,,,,,,,,1.0
231,,,,,,,,,,,,,,,,,,,,0.0
232,,,,,,,,,,,,,,,,,,,,1.0
233,,,,,,,,,,,,,,,,,,,,1.0
234,,,,,,,,,,,,,,,,,,,,1.0
235,,,,,,,,,,,,,,,,,,,,1.0
236,,,,,,,,,,,,,,,,,,,,0.0
237,,,,,,,,,,,,,,,,,,,,1.0
238,,,,,,,,,,,,,,,,,,,,1.0
239,,,,,,,,,,,,,,,,,,,,1.0
240,,,,,,,,,,,,,,,,,,,,0.0
241,,,,,,,,,,,,,,,,,,,,1.0
242,,,,,,,,,,,,,,,,,,,,0.0
243,,,,,,,,,,,,,,,,,,,,1.0
244,,,,,,,,,,,,,,,,,,,,1.0
245,,,,,,,,,,,,,,,,,,,,1.0
246,,,,,,,,,,,,,,,,,,,,1.0
247,,,,,,,,,,,,,,,,,,,,0.0
248,,,,,,,,,,,,,,,,,,,,0.0
249,,,,,,,,,,,,,,,,,,,,0.0
250,,,,,,,,,,,,,,,,,,,,1.0
251,,,,,,,,,,,,,,,,,,,,1.0
252,,,,,,,,,,,,,,,,,,,,1.0
253,,,,,,,,,,,,,,,,,,,,1.0
254,,,,,,,,,,,,,,,,,,,,0.0
255,,,,,,,,,,,,,,,,,,,,1.0
256,,,,,,,,,,,,,,,,,,,,0.0
257,,,,,,,,,,,,,,,,,,,,1.0
258,,,,,,,,,,,,,,,,,,,,1.0
259,,,,,,,,,,,,,,,,,,,,1.0
260,,,,,,,,,,,,,,,,,,,,1.0
261,,,,,,,,,,,,,,,,,,,,1.0
262,,,,,,,,,,,,,,,,,,,,0.0
263,,,,,,,,,,,,,,,,,,,,1.0
264,,,,,,,,,,,,,,,,,,,,1.0
265,,,,,,,,,,,,,,,,,,,,1.0
266,,,,,,,,,,,,,,,,,,,,1.0
267,,,,,,,,,,,,,,,,,,,,1.0
268,,,,,,,,,,,,,,,,,,,,1.0
269,,,,,,,,,,,,,,,,,,,,1.0
270,,,,,,,,,,,,,,,,,,,,1.0
271,,,,,,,,,,,,,,,,,,,,1.0
272,,,,,,,,,,,,,,,,,,,,1.0
273,,,,,,,,,,,,,,,,,,,,0.0
274,,,,,,,,,,,,,,,,,,,,1.0
275,,,,,,,,,,,,,,,,,,,,1.0
276,,,,,,,,,,,,,,,,,,,,1.0
277,,,,,,,,,,,,,,,,,,,,1.0
278,,,,,,,,,,,,,,,,,,,,1.0
279,,,,,,,,,,,,,,,,,,,,1.0
280,,,,,,,,,,,,,,,,,,,,1.0
281,,,,,,,,,,,,,,,,,,,,0.0
282,,,,,,,,,,,,,,,,,,,,1.0
283,,,,,,,,,,,,,,,,,,,,0.0
284,,,,,,,,,,,,,,,,,,,,0.0
285,,,,,,,,,,,,,,,,,,,,1.0
286,,,,,,,,,,,,,,,,,,,,1.0
287,,,,,,,,,,,,,,,,,,,,1.0
288,,,,,,,,,,,,,,,,,,,,1.0
289,,,,,,,,,,,,,,,,,,,,0.0
290,,,,,,,,,,,,,,,,,,,,1.0
291,,,,,,,,,,,,,,,,,,,,1.0
292,,,,,,,,,,,,,,,,,,,,1.0
293,,,,,,,,,,,,,,,,,,,,0.0
294,,,,,,,,,,,,,,,,,,,,1.0
295,,,,,,,,,,,,,,,,,,,,1.0
296,,,,,,,,,,,,,,,,,,,,1.0
297,,,,,,,,,,,,,,,,,,,,0.0
298,,,,,,,,,,,,,,,,,,,,0.0
299,,,,,,,,,,,,,,,,,,,,1.0
300,,,,,,,,,,,,,,,,,,,,0.0
301,,,,,,,,,,,,,,,,,,,,1.0
302,,,,,,,,,,,,,,,,,,,,1.0
303,,,,,,,,,,,,,,,,,,,,1.0
304,,,,,,,,,,,,,,,,,,,,0.0
305,,,,,,,,,,,,,,,,,,,,0.0
306,,,,,,,,,,,,,,,,,,,,0.0
307,,,,,,,,,,,,,,,,,,,,1.0
308,,,,,,,,,,,,,,,,,,,,1.0
309,,,,,,,,,,,,,,,,,,,,0.0
310,,,,,,,,,,,,,,,,,,,,1.0
311,,,,,,,,,,,,,,,,,,,,1.0
312,,,,,,,,,,,,,,,,,,,,1.0
313,,,,,,,,,,,,,,,,,,,,1.0
314,,,,,,,,,,,,,,,,,,,,0.0
315,,,,,,,,,,,,,,,,,,,,1.0
316,,,,,,,,,,,,,,,,,,,,1.0
317,,,,,,,,,,,,,,,,,,,,1.0
318,,,,,,,,,,,,,,,,,,,,1.0
319,,,,,,,,,,,,,,,,,,,,0.0
320,,,,,,,,,,,,,,,,,,,,1.0
321,,,,,,,,,,,,,,,,,,,,1.0
322,,,,,,,,,,,,,,,,,,,,0.0
323,,,,,,,,,,,,,,,,,,,,1.0
324,,,,,,,,,,,,,,,,,,,,1.0
325,,,,,,,,,,,,,,,,,,,,1.0
326,,,,,,,,,,,,,,,,,,,,1.0
327,,,,,,,,,,,,,,,,,,,,1.0
328,,,,,,,,,,,,,,,,,,,,1.0
329,,,,,,,,,,,,,,,,,,,,1.0
330,,,,,,,,,,,,,,,,,,,,0.0
331,,,,,,,,,,,,,,,,,,,,1.0
332,,,,,,,,,,,,,,,,,,,,1.0
333,,,,,,,,,,,,,,,,,,,,0.0
334,,,,,,,,,,,,,,,,,,,,0.0
335,,,,,,,,,,,,,,,,,,,,0.0
336,,,,,,,,,,,,,,,,,,,,1.0
337,,,,,,,,,,,,,,,,,,,,0.0
338,,,,,,,,,,,,,,,,,,,,1.0
339,,,,,,,,,,,,,,,,,,,,1.0
340,,,,,,,,,,,,,,,,,,,,1.0
341,,,,,,,,,,,,,,,,,,,,0.0
342,,,,,,,,,,,,,,,,,,,,0.0
343,,,,,,,,,,,,,,,,,,,,1.0
344,,,,,,,,,,,,,,,,,,,,0.0
345,,,,,,,,,,,,,,,,,,,,1.0
346,,,,,,,,,,,,,,,,,,,,0.0
347,,,,,,,,,,,,,,,,,,,,1.0
348,,,,,,,,,,,,,,,,,,,,0.0
349,,,,,,,,,,,,,,,,,,,,1.0
350,,,,,,,,,,,,,,,,,,,,1.0
351,,,,,,,,,,,,,,,,,,,,1.0
352,,,,,,,,,,,,,,,,,,,,0.0
353,,,,,,,,,,,,,,,,,,,,1.0
354,,,,,,,,,,,,,,,,,,,,0.0
355,,,,,,,,,,,,,,,,,,,,1.0
356,,,,,,,,,,,,,,,,,,,,0.0
357,,,,,,,,,,,,,,,,,,,,1.0
358,,,,,,,,,,,,,,,,,,,,1.0
359,,,,,,,,,,,,,,,,,,,,1.0
360,,,,,,,,,,,,,,,,,,,,1.0
361,,,,,,,,,,,,,,,,,,,,0.0
362,,,,,,,,,,,,,,,,,,,,1.0
363,,,,,,,,,,,,,,,,,,,,1.0
364,,,,,,,,,,,,,,,,,,,,1.0
365,,,,,,,,,,,,,,,,,,,,1.0
366,,,,,,,,,,,,,,,,,,,,1.0
367,,,,,,,,,,,,,,,,,,,,1.0
368,,,,,,,,,,,,,,,,,,,,1.0
369,,,,,,,,,,,,,,,,,,,,1.0
370,,,,,,,,,,,,,,,,,,,,1.0
371,,,,,,,,,,,,,,,,,,,,1.0
372,,,,,,,,,,,,,,,,,,,,0.0
373,,,,,,,,,,,,,,,,,,,,0.0
374,,,,,,,,,,,,,,,,,,,,0.0
375,,,,,,,,,,,,,,,,,,,,0.0
376,,,,,,,,,,,,,,,,,,,,1.0
377,,,,,,,,,,,,,,,,,,,,0.0
378,,,,,,,,,,,,,,,,,,,,1.0
379,,,,,,,,,,,,,,,,,,,,1.0
380,,,,,,,,,,,,,,,,,,,,1.0
381,,,,,,,,,,,,,,,,,,,,1.0
382,,,,,,,,,,,,,,,,,,,,0.0
383,,,,,,,,,,,,,,,,,,,,1.0
384,,,,,,,,,,,,,,,,,,,,0.0
385,,,,,,,,,,,,,,,,,,,,1.0
386,,,,,,,,,,,,,,,,,,,,1.0
387,,,,,,,,,,,,,,,,,,,,1.0
388,,,,,,,,,,,,,,,,,,,,1.0
389,,,,,,,,,,,,,,,,,,,,0.0
390,,,,,,,,,,,,,,,,,,,,1.0
391,,,,,,,,,,,,,,,,,,,,0.0
392,,,,,,,,,,,,,,,,,,,,1.0
393,,,,,,,,,,,,,,,,,,,,0.0
394,,,,,,,,,,,,,,,,,,,,1.0
395,,,,,,,,,,,,,,,,,,,,0.0
396,,,,,,,,,,,,,,,,,,,,1.0
397,,,,,,,,,,,,,,,,,,,,1.0
398,,,,,,,,,,,,,,,,,,,,1.0
399,,,,,,,,,,,,,,,,,,,,1.0
400,,,,,,,,,,,,,,,,,,,,0.0
401,,,,,,,,,,,,,,,,,,,,0.0
402,,,,,,,,,,,,,,,,,,,,1.0
403,,,,,,,,,,,,,,,,,,,,1.0
404,,,,,,,,,,,,,,,,,,,,1.0
405,,,,,,,,,,,,,,,,,,,,1.0
406,,,,,,,,,,,,,,,,,,,,0.0
407,,,,,,,,,,,,,,,,,,,,1.0
408,,,,,,,,,,,,,,,,,,,,0.0
409,,,,,,,,,,,,,,,,,,,,1.0
410,,,,,,,,,,,,,,,,,,,,1.0
411,,,,,,,,,,,,,,,,,,,,1.0
412,,,,,,,,,,,,,,,,,,,,0.0
413,,,,,,,,,,,,,,,,,,,,1.0
414,,,,,,,,,,,,,,,,,,,,1.0
415,,,,,,,,,,,,,,,,,,,,1.0
416,,,,,,,,,,,,,,,,,,,,1.0
417,,,,,,,,,,,,,,,,,,,,0.0
418,,,,,,,,,,,,,,,,,,,,1.0
419,,,,,,,,,,,,,,,,,,,,1.0
420,,,,,,,,,,,,,,,,,,,,1.0
421,,,,,,,,,,,,,,,,,,,,0.0
422,,,,,,,,,,,,,,,,,,,,1.0
423,,,,,,,,,,,,,,,,,,,,0.0
424,,,,,,,,,,,,,,,,,,,,1.0
425,,,,,,,,,,,,,,,,,,,,0.0
426,,,,,,,,,,,,,,,,,,,,1.0
427,,,,,,,,,,,,,,,,,,,,1.0
428,,,,,,,,,,,,,,,,,,,,1.0
429,,,,,,,,,,,,,,,,,,,,0.0
430,,,,,,,,,,,,,,,,,,,,0.0
431,,,,,,,,,,,,,,,,,,,,0.0
432,,,,,,,,,,,,,,,,,,,,1.0
433,,,,,,,,,,,,,,,,,,,,1.0
434,,,,,,,,,,,,,,,,,,,,1.0
435,,,,,,,,,,,,,,,,,,,,0.0
436,,,,,,,,,,,,,,,,,,,,1.0
437,,,,,,,,,,,,,,,,,,,,1.0
438,,,,,,,,,,,,,,,,,,,,1.0
439,,,,,,,,,,,,,,,,,,,,1.0
440,,,,,,,,,,,,,,,,,,,,1.0
441,,,,,,,,,,,,,,,,,,,,1.0
442,,,,,,,,,,,,,,,,,,,,0.0
443,,,,,,,,,,,,,,,,,,,,1.0
444,,,,,,,,,,,,,,,,,,,,1.0
445,,,,,,,,,,,,,,,,,,,,0.0
446,,,,,,,,,,,,,,,,,,,,1.0
447,,,,,,,,,,,,,,,,,,,,1.0
448,,,,,,,,,,,,,,,,,,,,0.0
449,,,,,,,,,,,,,,,,,,,,1.0
450,,,,,,,,,,,,,,,,,,,,1.0
451,,,,,,,,,,,,,,,,,,,,1.0
452,,,,,,,,,,,,,,,,,,,,1.0
453,,,,,,,,,,,,,,,,,,,,0.0
454,,,,,,,,,,,,,,,,,,,,1.0
455,,,,,,,,,,,,,,,,,,,,0.0
456,,,,,,,,,,,,,,,,,,,,1.0
457,,,,,,,,,,,,,,,,,,,,0.0
458,,,,,,,,,,,,,,,,,,,,1.0
459,,,,,,,,,,,,,,,,,,,,1.0
460,,,,,,,,,,,,,,,,,,,,0.0
461,,,,,,,,,,,,,,,,,,,,0.0
462,,,,,,,,,,,,,,,,,,,,1.0
463,,,,,,,,,,,,,,,,,,,,1.0
464,,,,,,,,,,,,,,,,,,,,1.0
465,,,,,,,,,,,,,,,,,,,,1.0
466,,,,,,,,,,,,,,,,,,,,1.0
467,,,,,,,,,,,,,,,,,,,,1.0
468,,,,,,,,,,,,,,,,,,,,1.0
469,,,,,,,,,,,,,,,,,,,,1.0
470,,,,,,,,,,,,,,,,,,,,1.0
471,,,,,,,,,,,,,,,,,,,,0.0
472,,,,,,,,,,,,,,,,,,,,0.0
473,,,,,,,,,,,,,,,,,,,,1.0
474,,,,,,,,,,,,,,,,,,,,0.0
475,,,,,,,,,,,,,,,,,,,,0.0
476,,,,,,,,,,,,,,,,,,,,0.0
477,,,,,,,,,,,,,,,,,,,,1.0
478,,,,,,,,,,,,,,,,,,,,0.0
479,,,,,,,,,,,,,,,,,,,,1.0
480,,,,,,,,,,,,,,,,,,,,1.0
481,,,,,,,,,,,,,,,,,,,,1.0
482,,,,,,,,,,,,,,,,,,,,1.0
483,,,,,,,,,,,,,,,,,,,,1.0
484,,,,,,,,,,,,,,,,,,,,0.0
485,,,,,,,,,,,,,,,,,,,,0.0
486,,,,,,,,,,,,,,,,,,,,0.0
487,,,,,,,,,,,,,,,,,,,,1.0
488,,,,,,,,,,,,,,,,,,,,1.0
489,,,,,,,,,,,,,,,,,,,,1.0
490,,,,,,,,,,,,,,,,,,,,0.0
491,,,,,,,,,,,,,,,,,,,,1.0
492,,,,,,,,,,,,,,,,,,,,0.0
493,,,,,,,,,,,,,,,,,,,,1.0
494,,,,,,,,,,,,,,,,,,,,1.0
495,,,,,,,,,,,,,,,,,,,,0.0
496,,,,,,,,,,,,,,,,,,,,0.0
497,,,,,,,,,,,,,,,,,,,,1.0
498,,,,,,,,,,,,,,,,,,,,1.0
499,,,,,,,,,,,,,,,,,,,,1.0
500,,,,,,,,,,,,,,,,,,,,1.0
501,,,,,,,,,,,,,,,,,,,,0.0
502,,,,,,,,,,,,,,,,,,,,1.0
503,,,,,,,,,,,,,,,,,,,,1.0
504,,,,,,,,,,,,,,,,,,,,1.0
505,,,,,,,,,,,,,,,,,,,,1.0
506,,,,,,,,,,,,,,,,,,,,1.0
507,,,,,,,,,,,,,,,,,,,,1.0
508,,,,,,,,,,,,,,,,,,,,0.0
